Workbook

Sheet Sheet5

Sheet Sheet4

Sheet 企
B1: 期間１０月２５日～６月１１日 | J1: 砂目標：２５０～３００ｇ 好記録：４００ｇ～ | N1: 統計
B2: 企業名 | C2: 品種名 | D2: 正規品（ｇ） | E2: 加工用（ｇ） | F2: パック数 | G2: 収穫量（ｇ） | H2: 株数 | I2: 面積（㎡） | J2: １株あたり収量（ｇ） | K2: 歩留まり（％） | L2: 加工比率（％） | M2: 10aあたり収量（kg） | N2: 偏差 | O2: 正規品（ｇ） | P2: 加工用（ｇ） | Q2: パック数 | R2: 収穫量（ｇ） | S2: 株数 | T2: 面積（㎡） | U2: １株あたり収量（ｇ） | V2: 歩留まり（％） | W2: 加工比率（％） | X2: 10aあたり収量（g）
B3: マルテー | C3: 4種 | D3: =SUM(企収!D3:D113) -> 61457 | E3: =SUM(企収!E3:E113) -> 51090 | F3: =SUM(企収!F3:F113) -> 417 | G3: =SUM(D3:E3) -> 112547 | H3: 450 | I3: =0.3*14*6 -> 25.2 | J3: =G3/H3 -> 250.10444 | K3: =(D3/G3)*100 -> 54.605631 | L3: =E3 / G3 * 100 -> 45.394369 | M3: =G3 / I3 * 100 / 1000 -> 446.61508 | O3: =D3-22665 -> 38792 | P3: =E3-15218 -> 35872 | Q3: =F3-160 -> 257 | R3: =G3-37882 -> 74665 | S3: =H3-217 -> 233 | T3: =I3-13 -> 12.2 | U3: =J3-153.9 -> 96.204444 | V3: =K3-60 -> -5.3943686 | W3: =L3-40 -> 5.3943686 | X3: =M3-246.72 -> 199.89508
B4: 三和 | C4: 紅ほっぺ | D4: =SUM(企収!J3:J17) -> 2616 | E4: =SUM(企収!K3:K17) -> 2900 | F4: =SUM(企収!L3:L17) -> 9 | G4: =SUM(D4:E4) -> 5516 | H4: 80 | I4: =0.3*28 -> 8.4 | J4: =G4/H4 -> 68.95 | K4: =(D4/G4)*100 -> 47.425671 | L4: =E4 / G4 * 100 -> 52.574329 | M4: =G4 / I4 * 100 / 1000 -> 65.666667 | O4: =D4-22665 -> -20049 | P4: =E4-15218 -> -12318 | Q4: =F4-160 -> -151 | R4: =G4-37882 -> -32366 | S4: =H4-217 -> -137 | T4: =I4-13 -> -4.6 | U4: =J4-153.9 -> -84.95 | V4: =K4-60 -> -12.574329 | W4: =L4-40 -> 12.574329 | X4: =M4-246.72 -> -181.05333
B5: QB | C5: 紅ほっぺ | D5: =SUM(企収!P3:P23) -> 4527 | E5: =SUM(企収!Q3:Q23) -> 2536 | F5: =SUM(企収!R3:R23) -> 25 | G5: =SUM(D5:E5) -> 7063 | H5: 80 | I5: =0.3*28 -> 8.4 | J5: =G5/H5 -> 88.2875 | K5: =(D5/G5)*100 -> 64.094577 | L5: =E5 / G5 * 100 -> 35.905423 | M5: =G5 / I5 * 100 / 1000 -> 84.083333 | O5: =D5-22665 -> -18138 | P5: =E5-15218 -> -12682 | Q5: =F5-160 -> -135 | R5: =G5-37882 -> -30819 | S5: =H5-217 -> -137 | T5: =I5-13 -> -4.6 | U5: =J5-153.9 -> -65.6125 | V5: =K5-60 -> 4.0945774 | W5: =L5-40 -> -4.0945774 | X5: =M5-246.72 -> -162.63667
B6: 東レ（計） | C6: 紅ほっぺ＋よつぼし | D6: =SUM(企収!V3:V48) -> 77893 | E6: =SUM(企収!W3:W48) -> 58668 | F6: =SUM(企収!X3:X48) -> 478 | G6: =SUM(D6:E6) -> 136561 | H6: 640 | I6: 34 | J6: =G6/H6 -> 213.37656 | K6: =(D6/G6)*100 -> 57.038979 | L6: =E6 / G6 * 100 -> 42.961021 | M6: =G6 / I6 * 100 / 1000 -> 401.65 | O6: =D6-22665 -> 55228 | P6: =E6-15218 -> 43450 | Q6: =F6-160 -> 318 | R6: =G6-37882 -> 98679 | S6: =H6-217 -> 423 | T6: =I6-13 -> 21 | U6: =J6-153.9 -> 59.476562 | V6: =K6-60 -> -2.9610211 | W6: =L6-40 -> 2.9610211 | X6: =M6-246.72 -> 154.93
B7: Adobe | C7: かおりの | D7: =SUM(企収!AB3:AB28) -> 42160 | E7: =SUM(企収!AC3:AC28) -> 18930 | F7: =SUM(企収!AD3:AD28) -> 323 | G7: =SUM(D7:E7) -> 61090 | H7: 320 | I7: =0.3*28*2 -> 16.8 | J7: =G7/H7 -> 190.90625 | K7: =(D7/G7)*100 -> 69.012932 | L7: =E7 / G7 * 100 -> 30.987068 | M7: =G7 / I7 * 100 / 1000 -> 363.63095 | O7: =D7-22665 -> 19495 | P7: =E7-15218 -> 3712 | Q7: =F7-160 -> 163 | R7: =G7-37882 -> 23208 | S7: =H7-217 -> 103 | T7: =I7-13 -> 3.8 | U7: =J7-153.9 -> 37.00625 | V7: =K7-60 -> 9.0129317 | W7: =L7-40 -> -9.0129317 | X7: =M7-246.72 -> 116.91095
B8: バリュ（計） | C8: 紅ほっぺ＋やよいひめ | D8: =SUM(企収!AH3:AH42) -> 28882 | E8: =SUM(企収!AI3:AI42) -> 15983 | F8: =SUM(企収!AJ3:AJ42) -> 210 | G8: =SUM(D8:E8) -> 44865 | H8: 320 | I8: 26 | J8: =G8/H8 -> 140.20312 | K8: =(D8/G8)*100 -> 64.375348 | L8: =E8 / G8 * 100 -> 35.624652 | M8: =G8 / I8 * 100 / 1000 -> 172.55769 | O8: =D8-22665 -> 6217 | P8: =E8-15218 -> 765 | Q8: =F8-160 -> 50 | R8: =G8-37882 -> 6983 | S8: =H8-217 -> 103 | T8: =I8-13 -> 13 | U8: =J8-153.9 -> -13.696875 | V8: =K8-60 -> 4.3753483 | W8: =L8-40 -> -4.3753483 | X8: =M8-246.72 -> -74.162308
B9: ソリトン | C9: 紅ほっぺ | D9: =SUM(企収!AN3:AN24) -> 12480 | E9: =SUM(企収!AO3:AO24) -> 5707 | F9: =SUM(企収!AP3:AP24) -> 92 | G9: =SUM(D9:E9) -> 18187 | H9: 80 | I9: =0.3*28 -> 8.4 | J9: =G9/H9 -> 227.3375 | K9: =(D9/G9)*100 -> 68.620443 | L9: =E9 / G9 * 100 -> 31.379557 | M9: =G9 / I9 * 100 / 1000 -> 216.5119 | O9: =D9-22665 -> -10185 | P9: =E9-15218 -> -9511 | Q9: =F9-160 -> -68 | R9: =G9-37882 -> -19695 | S9: =H9-217 -> -137 | T9: =I9-13 -> -4.6 | U9: =J9-153.9 -> 73.4375 | V9: =K9-60 -> 8.6204432 | W9: =L9-40 -> -8.6204432 | X9: =M9-246.72 -> -30.208095
B10: NaITO | C10: 紅ほっぺ | D10: =SUM(企収!AT3:AT25) -> 9595 | E10: =SUM(企収!AU3:AU25) -> 7843 | F10: =SUM(企収!AV3:AV25) -> 66 | G10: =SUM(D10:E10) -> 17438 | H10: 80 | I10: 4 | J10: =G10/H10 -> 217.975 | K10: =(D10/G10)*100 -> 55.023512 | L10: =E10 / G10 * 100 -> 44.976488 | M10: =G10 / I10 * 100 / 1000 -> 435.95 | O10: =D10-22665 -> -13070 | P10: =E10-15218 -> -7375 | Q10: =F10-160 -> -94 | R10: =G10-37882 -> -20444 | S10: =H10-217 -> -137 | T10: =I10-13 -> -9 | U10: =J10-153.9 -> 64.075 | V10: =K10-60 -> -4.9764881 | W10: =L10-40 -> 4.9764881 | X10: =M10-246.72 -> 189.23
B11: 岡部 | C11: 紅ほっぺ | D11: =SUM(企収!AZ3:AZ19) -> 4630 | E11: =SUM(企収!BA3:BA19) -> 3524 | F11: =SUM(企収!BB3:BB19) -> 47 | G11: =SUM(D11:E11) -> 8154 | H11: 80 | I11: =0.3*28 -> 8.4 | J11: =G11/H11 -> 101.925 | K11: =(D11/G11)*100 -> 56.781948 | L11: =E11 / G11 * 100 -> 43.218052 | M11: =G11 / I11 * 100 / 1000 -> 97.071429 | O11: =D11-22665 -> -18035 | P11: =E11-15218 -> -11694 | Q11: =F11-160 -> -113 | R11: =G11-37882 -> -29728 | S11: =H11-217 -> -137 | T11: =I11-13 -> -4.6 | U11: =J11-153.9 -> -51.975 | V11: =K11-60 -> -3.2180525 | W11: =L11-40 -> 3.2180525 | X11: =M11-246.72 -> -149.64857
B12: ケイアイ | C12: 紅ほっぺ | D12: =SUM(企収!BF3:BF24) -> 26392 | E12: =SUM(企収!BG3:BG24) -> 9091 | F12: =SUM(企収!BH3:BH24) -> 198 | G12: =SUM(D12:E12) -> 35483 | H12: 240 | I12: =0.3*28 -> 8.4 | J12: =G12/H12 -> 147.84583 | K12: =(D12/G12)*100 -> 74.37928 | L12: =E12 / G12 * 100 -> 25.62072 | M12: =G12 / I12 * 100 / 1000 -> 422.41667 | O12: =D12-22665 -> 3727 | P12: =E12-15218 -> -6127 | Q12: =F12-160 -> 38 | R12: =G12-37882 -> -2399 | S12: =H12-217 -> 23 | T12: =I12-13 -> -4.6 | U12: =J12-153.9 -> -6.0541667 | V12: =K12-60 -> 14.37928 | W12: =L12-40 -> -14.37928 | X12: =M12-246.72 -> 175.69667
B13: 富士機械 | C13: やよいひめ | D13: =SUM(企収!BL3:BL22) -> 25250 | E13: =SUM(企収!BM3:BM22) -> 22378 | F13: =SUM(企収!BN3:BN22) -> 224 | G13: =SUM(D13:E13) -> 47628 | H13: 320 | I13: =0.3*28*2 -> 16.8 | J13: =G13/H13 -> 148.8375 | K13: =(D13/G13)*100 -> 53.015033 | L13: =E13 / G13 * 100 -> 46.984967 | M13: =G13 / I13 * 100 / 1000 -> 283.5 | O13: =D13-22665 -> 2585 | P13: =E13-15218 -> 7160 | Q13: =F13-160 -> 64 | R13: =G13-37882 -> 9746 | S13: =H13-217 -> 103 | T13: =I13-13 -> 3.8 | U13: =J13-153.9 -> -5.0625 | V13: =K13-60 -> -6.9849668 | W13: =L13-40 -> 6.9849668 | X13: =M13-246.72 -> 36.78
B14: 慈誠会 | C14: 紅ほっぺ | D14: =SUM(企収!BR3:BR22) -> 6730 | E14: =SUM(企収!BS3:BS22) -> 4350 | F14: =SUM(企収!BT3:BT22) -> 48 | G14: =SUM(D14:E14) -> 11080 | H14: 80 | I14: =0.3*28 -> 8.4 | J14: =G14/H14 -> 138.5 | K14: =(D14/G14)*100 -> 60.740072 | L14: =E14 / G14 * 100 -> 39.259928 | M14: =G14 / I14 * 100 / 1000 -> 131.90476 | O14: =D14-22665 -> -15935 | P14: =E14-15218 -> -10868 | Q14: =F14-160 -> -112 | R14: =G14-37882 -> -26802 | S14: =H14-217 -> -137 | T14: =I14-13 -> -4.6 | U14: =J14-153.9 -> -15.4 | V14: =K14-60 -> 0.7400722 | W14: =L14-40 -> -0.7400722 | X14: =M14-246.72 -> -114.81524
B15: 富士機材 | C15: やよいひめ | D15: =SUM(企収!BX3:BX23) -> 26528 | E15: =SUM(企収!BY3:BY23) -> 17042 | F15: =SUM(企収!BZ3:BZ23) -> 179 | G15: =SUM(D15:E15) -> 43570 | H15: 320 | I15: =0.3*28*2 -> 16.8 | J15: =G15/H15 -> 136.15625 | K15: =(D15/G15)*100 -> 60.885931 | L15: =E15 / G15 * 100 -> 39.114069 | M15: =G15 / I15 * 100 / 1000 -> 259.34524 | O15: =D15-22665 -> 3863 | P15: =E15-15218 -> 1824 | Q15: =F15-160 -> 19 | R15: =G15-37882 -> 5688 | S15: =H15-217 -> 103 | T15: =I15-13 -> 3.8 | U15: =J15-153.9 -> -17.74375 | V15: =K15-60 -> 0.88593069 | W15: =L15-40 -> -0.88593069 | X15: =M15-246.72 -> 12.625238
B16: 昭和女子 | C16: 紅ほっぺ | D16: =SUM(企収!CD3:CD26) -> 6230 | E16: =SUM(企収!CE3:CE26) -> 5714 | F16: =SUM(企収!CF3:CF26) -> 42 | G16: =SUM(D16:E16) -> 11944 | H16: 80 | I16: =0.3*28 -> 8.4 | J16: =G16/H16 -> 149.3 | K16: =(D16/G16)*100 -> 52.16008 | L16: =E16 / G16 * 100 -> 47.83992 | M16: =G16 / I16 * 100 / 1000 -> 142.19048 | O16: =D16-22665 -> -16435 | P16: =E16-15218 -> -9504 | Q16: =F16-160 -> -118 | R16: =G16-37882 -> -25938 | S16: =H16-217 -> -137 | T16: =I16-13 -> -4.6 | U16: =J16-153.9 -> -4.6 | V16: =K16-60 -> -7.8399196 | W16: =L16-40 -> 7.8399196 | X16: =M16-246.72 -> -104.52952
B17: 日建 | C17: 紅ほっぺ | D17: =SUM(企収!CJ3:CJ18) -> 4600 | E17: =SUM(企収!CK3:CK18) -> 2509 | F17: =SUM(企収!CL3:CL18) -> 41 | G17: =SUM(D17:E17) -> 7109 | H17: 80 | I17: 4 | J17: =G17/H17 -> 88.8625 | K17: =(D17/G17)*100 -> 64.70671 | L17: =E17 / G17 * 100 -> 35.29329 | M17: =G17 / I17 * 100 / 1000 -> 177.725 | O17: =D17-22665 -> -18065 | P17: =E17-15218 -> -12709 | Q17: =F17-160 -> -119 | R17: =G17-37882 -> -30773 | S17: =H17-217 -> -137 | T17: =I17-13 -> -9 | U17: =J17-153.9 -> -65.0375 | V17: =K17-60 -> 4.7067098 | W17: =L17-40 -> -4.7067098 | X17: =M17-246.72 -> -68.995
B18: 代表値 | C18: 合計 | D18: =SUM(D3:D17) -> 339970 | E18: =SUM(E3:E17) -> 228265 | F18: =SUM(F3:F17) -> 2399 | G18: =SUM(G3:G17) -> 568235 | H18: =SUM(H3:H17) -> 3250 | I18: =SUM(I3:I17) -> 202.4 | N18: 分散 | O18: {=SUM(O3:O17*O3:O17)/COUNT(O3:O17)} -> 479353357 | P18: {=SUM(P3:P17*P3:P17)/COUNT(P3:P17)} -> 2.8302157e+08 | Q18: {=SUM(Q3:Q17*Q3:Q17)/COUNT(Q3:Q17)} -> 20668.467 | R18: {=SUM(R3:R17*R3:R17)/COUNT(R3:R17)} -> 1.4705301e+09 | S18: {=SUM(S3:S17*S3:S17)/COUNT(S3:S17)} -> 28422.333 | T18: {=SUM(T3:T17*T3:T17)/COUNT(T3:T17)} -> 74.152 | U18: {=SUM(U3:U17*U3:U17)/COUNT(U3:U17)} -> 2862.4479 | V18: {=SUM(V3:V17*V3:V17)/COUNT(V3:V17)} -> 50.870642 | ... X18: {=SUM(X3:X17*X3:X17)/COUNT(X3:X17)} -> 17515.102
C19: 中央値 | D19: =MEDIAN(D3:D17) -> 12480 | E19: =MEDIAN(E3:E17) -> 7843 | F19: =MEDIAN(F3:F17) -> 92 | G19: =MEDIAN(G3:G17) -> 18187 | H19: =MEDIAN(H3:H17) -> 80 | I19: =MEDIAN(I3:I17) -> 8.4 | J19: =MEDIAN(J3:J17) -> 147.84583 | K19: =MEDIAN(K3:K17) -> 60.740072 | ... M19: =MEDIAN(M3:M17) -> 216.5119 | N19: 標準偏差 | O19: =SQRT(O18) -> 21894.14 | P19: =SQRT(P18) -> 16823.245 | Q19: =SQRT(Q18) -> 143.76532 | R19: =SQRT(R18) -> 38347.491 | S19: =SQRT(S18) -> 168.58924 | T19: =SQRT(T18) -> 8.6111556 | U19: =SQRT(U18) -> 53.501849 | V19: =SQRT(V18) -> 7.1323658 | ... X19: =SQRT(X18) -> 132.34463
C20: 最大値 | D20: =MAX(D3:D17) -> 77893 | E20: =MAX(E3:E17) -> 58668 | F20: =MAX(F3:F17) -> 478 | G20: =MAX(G3:G17) -> 136561 | H20: =MAX(H3:H17) -> 640 | I20: =MAX(I3:I17) -> 34 | J20: =MAX(J3:J17) -> 250.10444 | K20: =MAX(K3:K17) -> 74.37928 | ... M20: =MAX(M3:M17) -> 446.61508
C21: 最小値 | D21: =MIN(D3:D17) -> 2616 | E21: =MIN(E3:E17) -> 2509 | F21: =MIN(F3:F17) -> 9 | G21: =MIN(G3:G17) -> 5516 | H21: =MIN(H3:H17) -> 80 | I21: =MIN(I3:I17) -> 4 | J21: =MIN(J3:J17) -> 68.95 | K21: =MIN(K3:K17) -> 47.425671 | ... M21: =MIN(M3:M17) -> 65.666667
C22: 平均 | D22: =AVERAGE(D3:D17) -> 22664.667 | E22: =AVERAGE(E3:E17) -> 15217.667 | F22: =AVERAGE(F3:F17) -> 159.93333 | G22: =AVERAGE(G3:G17) -> 37882.333 | H22: =AVERAGE(H3:H17) -> 216.66667 | I22: =AVERAGE(I3:I17) -> 13.493333 | J22: =AVERAGE(J3:J17) -> 153.9045 | K22: =AVERAGE(K3:K17) -> 60.191077 | ... M22: =AVERAGE(M3:M17) -> 246.72128 | O22: 偏差：
C23: 中央値： | O23: 平均－データの値でデータのばらつきを表す
C24: 複数品種・複数区画の収量データに外れ値がある場合、平均より中央値のほうが代表値として信頼できるので役立ちます。
O25: 分散：
O26: 偏差を2乗して平均をとる。データのばらつきの大きさの指標
O28: 標準偏差：
O29: 分散を平方根する。分散の値を標準化してデータのばらつきを示す

Sheet Sheet2
A1: 企業名 | B1: 正規品（ｋｇ） | C1: 収穫量（ｋｇ） | D1: １株収量（ｇ） | E1: 歩留まり（％） | F1: パック数 | G1: 株数
A2: マルテー | B2: 61.45 | C2: 112.54 | D2: 250.10444 | E2: 54.605631 | F2: 417 | G2: 450
A3: 三和 | B3: 2.61 | C3: 5.51 | D3: 68.95 | E3: 47.425671 | F3: 9 | G3: 80
A4: QB | B4: 4.52 | C4: 7.06 | D4: 88.2875 | E4: 64.094577 | F4: 25 | G4: 80
A5: 東レ（計） | B5: 77.89 | C5: 136.56 | D5: 213.37656 | E5: 57.038979 | F5: 478 | G5: 640
A6: Adobe | B6: 42.16 | C6: 61.09 | D6: 190.90625 | E6: 69.012932 | F6: 323 | G6: 320
A7: バリュ（計） | B7: 28.88 | C7: 44.86 | D7: 140.20312 | E7: 64.375348 | F7: 210 | G7: 320
A8: ソリトン | B8: 12.48 | C8: 18.18 | D8: 227.3375 | E8: 68.620443 | F8: 92 | G8: 80
A9: NaITO | B9: 9.59 | C9: 17.43 | D9: 217.975 | E9: 55.023512 | F9: 66 | G9: 80
A10: 岡部 | B10: 4.63 | C10: 8.15 | D10: 101.925 | E10: 56.781948 | F10: 47 | G10: 80
A11: ケイアイ | B11: 26.39 | C11: 35.48 | D11: 147.84583 | E11: 74.37928 | F11: 198 | G11: 240
A12: 富士機械 | B12: 25.25 | C12: 47.62 | D12: 148.8375 | E12: 53.015033 | F12: 224 | G12: 320
A13: 慈誠会 | B13: 6.73 | C13: 11.08 | D13: 138.5 | E13: 60.740072 | F13: 48 | G13: 80
... A16: 日建 | B16: 4.6 | C16: 7.11 | D16: 88.8625 | E16: 64.70671 | F16: 41 | G16: 80
B17: =AVERAGE(B2:B16) -> 22.662 | C17: =AVERAGE(C2:C16) -> 37.878667 | D17: =AVERAGE(D2:D16) -> 153.9045 | E17: =AVERAGE(E2:E16) -> 60.191077 | F17: =AVERAGE(F2:F16) -> 159.93333 | G17: =AVERAGE(G2:G16) -> 216.66667
B18: =MEDIAN(B2:B16) -> 12.48 | C18: =MEDIAN(C2:C16) -> 18.18 | D18: =MEDIAN(D2:D16) -> 147.84583 | E18: =MEDIAN(E2:E16) -> 60.740072 | F18: =MEDIAN(F2:F16) -> 92 | G18: =MEDIAN(G2:G16) -> 80

Sheet 企収
B1: 期間１０月２５日～６月１１日
B2: 企業名 | C2: 品種名 | D2: 収量（ｇ） | E2: 加工用（ｇ） | F2: パック数 | H2: 企業名 | I2: 品種名 | J2: 収量（ｇ） | K2: 加工用（ｇ） | L2: パック数 | N2: 企業名 | O2: 品種名 | P2: 収量（ｇ） | Q2: 加工用（ｇ） | R2: パック数 | T2: 企業名 | U2: 品種名 | V2: 収量（ｇ） | W2: 加工用（ｇ） | X2: パック数 | Z2: 企業名 | AA2: 品種名 | AB2: 収量（ｇ） | AC2: 加工用（ｇ） | AD2: パック数 | AF2: 企業名 | AG2: 品種名 | AH2: 収量（ｇ） | AI2: 加工用（ｇ） | AJ2: パック数 | AL2: 企業名 | AM2: 品種名 | AN2: 収量（ｇ） | AO2: 加工用（ｇ） | AP2: パック数 | AR2: 企業名 | AS2: 品種名 | AT2: 収量（ｇ） | AU2: 加工用（ｇ） | AV2: パック数 | AX2: 企業名 | AY2: 品種名 | AZ2: 収量（ｇ） | BA2: 加工用（ｇ） | BB2: パック数 | BD2: 企業名 | BE2: 品種名 | BF2: 収量（ｇ） | BG2: 加工用（ｇ） | BH2: パック数 | BJ2: 企業名 | BK2: 品種名 | BL2: 収量（ｇ） | BM2: 加工用（ｇ） | BN2: パック数 | BP2: 企業名 | BQ2: 品種名 | BR2: 収量（ｇ） | BS2: 加工用（ｇ） | BT2: パック数 | BV2: 企業名 | BW2: 品種名 | BX2: 収量（ｇ） | BY2: 加工用（ｇ） | BZ2: パック数 | CB2: 企業名 | CC2: 品種名 | CD2: 収量（ｇ） | CE2: 加工用（ｇ） | CF2: パック数 | CH2: 企業名 | CI2: 品種名 | CJ2: 収量（ｇ） | CK2: 加工用（ｇ） | CL2: パック数
B3: {=_xlfn._xlws.FILTER(元!D4:H447, 元!D4:D447="マルテー")} -> マルテー | C3: 紅ほっぺ（断） | D3: 100 | E3: 0 | F3: 0 | H3: {=_xlfn._xlws.FILTER(元!D4:H447, 元!D4:D447="三和")} -> 三和 | I3: 紅ほっぺ(断） | J3: 100 | K3: 0 | L3: 1 | N3: {=_xlfn._xlws.FILTER(元!D4:H447, 元!D4:D447="QB")} -> QB | O3: 紅ほっぺ（断） | P3: 195 | Q3: 0 | R3: 0 | T3: {=_xlfn._xlws.FILTER(元!D4:H447, 元!D4:D447="東レ")} -> 東レ | U3: 紅ほっぺ（断） | V3: 170 | W3: 0 | X3: 0 | Z3: {=_xlfn._xlws.FILTER(元!D4:H447, 元!D4:D447="Adobe")} -> Adobe | AA3: かおり野 | AB3: 240 | AC3: 0 | AD3: 3 | AF3: {=_xlfn._xlws.FILTER(元!D4:H447, 元!D4:D447="バリュ")} -> バリュ | AG3: 紅ほっぺ（断） | AH3: 400 | AI3: 0 | AJ3: 0 | AL3: {=_xlfn._xlws.FILTER(元!D4:H447, 元!D4:D447="ソリトン")} -> ソリトン | AM3: 紅ほっぺ | AN3: 100 | AO3: 0 | AP3: 0 | AR3: {=_xlfn._xlws.FILTER(元!D4:H447, 元!D4:D447="NaITO")} -> NaITO | AS3: 紅ほっぺ（断） | AT3: 60 | AU3: 0 | AV3: 0 | AX3: {=_xlfn._xlws.FILTER(元!D4:H447, 元!D4:D447="岡部")} -> 岡部 | AY3: 紅ほっぺ | AZ3: 500 | BA3: 0 | BB3: 3 | BD3: {=_xlfn._xlws.FILTER(元!D4:H447, 元!D4:D447="ケイアイ")} -> ケイアイ | BE3: 紅ほっぺ | BF3: 1500 | BG3: 0 | BH3: 13 | BJ3: {=_xlfn._xlws.FILTER(元!D4:H447, 元!D4:D447="富士機械")} -> 富士機械 | BK3: やよい姫 | BL3: 800 | BM3: 0 | BN3: 7 | BP3: {=_xlfn._xlws.FILTER(元!D4:H447, 元!D4:D447="慈誠会")} -> 慈誠会 | BQ3: 紅ほっぺ | BR3: 1080 | BS3: 740 | BT3: 9 | BV3: {=_xlfn._xlws.FILTER(元!D4:H447, 元!D4:D447="富士機材")} -> 富士機材 | BW3: やよい姫 | BX3: 440 | BY3: 1240 | BZ3: 3 | CB3: {=_xlfn._xlws.FILTER(元!D4:H447, ISNUMBER(SEARCH("昭和", 元!D4:D447)))} -> 昭和女子 | CC3: 紅ほっぺ | CD3: 80 | CE3: 0 | CF3: 0 | CH3: {=_xlfn._xlws.FILTER(元!D4:H447,ISNUMBER(SEARCH("日建",元!D4:D447)))} -> 日建 | CI3: 紅ほっぺ（断） | CJ3: 420 | CK3: 0 | CL3: 3
B4: マルテー | C4: 紅ほっぺ（断） | D4: 130 | E4: 0 | F4: 0 | H4: 三和 | I4: 紅ほっぺ（断） | J4: 46 | K4: 0 | L4: 0 | N4: QB | O4: 紅ほっぺ（断） | P4: 540 | Q4: 0 | R4: 3 | T4: 東レ | U4: よつぼし | V4: 0 | W4: 200 | X4: 0 | Z4: Adobe | AA4: かおり野 | AB4: 1510 | AC4: 0 | AD4: 12 | AF4: バリュ | AG4: 紅ほっぺ | AH4: 1140 | AI4: 0 | AJ4: 0 | AL4: ソリトン | AM4: 紅ほっぺ | AN4: 960 | AO4: 0 | AP4: 5 | AR4: NaITO | AS4: 紅ほっぺ（断） | AT4: 1480 | AU4: 0 | AV4: 13 | AX4: 岡部 | AY4: 紅ほっぺ | AZ4: 740 | BA4: 0 | BB4: 6 | BD4: ケイアイ | BE4: 紅ほっぺ | BF4: 2732 | BG4: 321 | BH4: 22 | BJ4: 富士機械 | BK4: やよいひめ | BL4: 1820 | BM4: 158 | BN4: 15 | BP4: 慈誠会 | BQ4: 紅ほっぺ | BR4: 600 | BS4: 90 | BT4: 5 | BV4: 富士機材 | BW4: やよいひめ | BX4: 260 | BY4: 110 | BZ4: 1 | CB4: 昭和女子 | CC4: 紅ほっぺ | CD4: 120 | CE4: 0 | CF4: 0 | CH4: 日建 | CI4: 紅ほっぺ（無） | CJ4: 840 | CK4: 80 | CL4: 5
B5: マルテー | C5: 紅ほっぺ（断） | D5: 100 | E5: 0 | F5: 0 | H5: 三和 | I5: 紅ほっぺ（断） | J5: 240 | K5: 0 | L5: 0 | N5: QB | O5: 紅ほっぺ（断） | P5: 80 | Q5: 0 | R5: 0 | T5: 東レ | U5: よつぼし | V5: 440 | W5: 0 | X5: 4 | Z5: Adobe | AA5: かおり野 | AB5: 3340 | AC5: 0 | AD5: 32 | AF5: バリュ | AG5: 紅ほっぺ | AH5: 1320 | AI5: 0 | AJ5: 11 | AL5: ソリトン | AM5: 紅ほっぺ | AN5: 980 | AO5: 0 | AP5: 8 | AR5: NaITO | AS5: 紅ほっぺ（無） | AT5: 950 | AU5: 130 | AV5: 8 | AX5: 岡部 | AY5: 紅ほっぺ | AZ5: 880 | BA5: 94 | BB5: 7 | BD5: ケイアイ | BE5: 紅ほっぺ | BF5: 2500 | BG5: 760 | BH5: 16 | BJ5: 富士機械 | BK5: やよいひめ | BL5: 1680 | BM5: 1540 | BN5: 12 | BP5: 慈誠会 | BQ5: 紅ほっぺ | BR5: 730 | BS5: 390 | BT5: 5 | BV5: 富士機材 | BW5: やよいひめ | BX5: 868 | BY5: 712 | BZ5: 7 | CB5: 昭和女子 | CC5: 紅ほっぺ | CD5: 340 | CE5: 0 | CF5: 0 | CH5: 日建 | CI5: 紅ほっぺ | CJ5: 1620 | CK5: 450 | CL5: 0
B6: マルテー | C6: 紅ほっぺ（断） | D6: 320 | E6: 0 | F6: 3 | H6: 三和 | I6: 紅ほっぺ（断） | J6: 380 | K6: 0 | L6: 2 | N6: QB | O6: 紅ほっぺ（断） | P6: 320 | Q6: 0 | R6: 0 | T6: 東レ | U6: よつぼし | V6: 960 | W6: 560 | X6: 8 | Z6: Adobe | AA6: かおり野 | AB6: 5140 | AC6: 0 | AD6: 31 | AF6: バリュ | AG6: 紅ほっぺ | AH6: 886 | AI6: 654 | AJ6: 8 | AL6: ソリトン | AM6: 紅ほっぺ | AN6: 880 | AO6: 208 | AP6: 7 | AR6: NaITO | AS6: 紅ほっぺ（無） | AT6: 810 | AU6: 660 | AV6: 6 | AX6: 岡部 | AY6: 紅ほっぺ | AZ6: 300 | BA6: 240 | BB6: 3 | BD6: ケイアイ | BE6: 紅ほっぺ | BF6: 1960 | BG6: 880 | BH6: 18 | BJ6: 富士機械 | BK6: やよいひめ | BL6: 1200 | BM6: 1640 | BN6: 11 | BP6: 慈誠会 | BQ6: 紅ほっぺ | BR6: 510 | BS6: 90 | BT6: 5 | BV6: 富士機材 | BW6: やよいひめ | BX6: 1370 | BY6: 1430 | BZ6: 11 | CB6: 昭和女子 | CC6: 紅ほっぺ | CD6: 600 | CE6: 0 | CF6: 5 | CH6: 日建 | CI6: 紅ほっぺ（無） | CJ6: 460 | CK6: 440 | CL6: 4
B7: マルテー | C7: 紅ほっぺ（断） | D7: 260 | E7: 0 | F7: 0 | H7: 三和 | I7: 0 | J7: 0 | K7: 0 | L7: 0 | N7: QB | O7: 紅ほっぺ（断） | P7: 100 | Q7: 0 | R7: 0 | T7: 東レ | U7: 紅ほっぺ | V7: 3940 | W7: 0 | X7: 28 | Z7: Adobe | AA7: かおり野 | AB7: 840 | AC7: 0 | AD7: 0 | AF7: バリュ | AG7: 紅ほっぺ | AH7: 1080 | AI7: 430 | AJ7: 5 | AL7: ソリトン | AM7: 紅ほっぺ | AN7: 1480 | AO7: 0 | AP7: 12 | AR7: NaITO | AS7: 紅ほっぺ（無） | AT7: 330 | AU7: 190 | AV7: 3 | AX7: 岡部 | AY7: 紅ほっぺ | AZ7: 320 | BA7: 180 | BB7: 3 | BD7: ケイアイ | BE7: 紅ほっぺ | BF7: 2440 | BG7: 340 | BH7: 16 | BJ7: 富士機械 | BK7: やよいひめ | BL7: 1060 | BM7: 2560 | BN7: 8 | BP7: 慈誠会 | BQ7: 紅ほっぺ | BR7: 110 | BS7: 250 | BT7: 1 | BV7: 富士機材 | BW7: やよいひめ | BX7: 1160 | BY7: 1600 | BZ7: 9 | CB7: 昭和 | CC7: 紅ほっぺ | CD7: 840 | CE7: 147 | CF7: 6 | CH7: 日建（遅） | CI7: 紅ほっぺ | CJ7: 740 | CK7: 300 | CL7: 4
B8: マルテー | C8: 紅ほっぺ（断） | D8: 320 | E8: 0 | F8: 0 | H8: 三和 | I8: 紅ほっぺ | J8: 0 | K8: 0 | L8: 0 | N8: QB | O8: 紅ほっぺ（断） | P8: 300 | Q8: 0 | R8: 1 | T8: 東レ | U8: よつぼし | V8: 160 | W8: 800 | X8: 0 | Z8: Adobe | AA8: かおり野 | AB8: 1600 | AC8: 500 | AD8: 15 | AF8: バリュ | AG8: 紅ほっぺ | AH8: 160 | AI8: 380 | AJ8: 1 | AL8: ソリトン | AM8: 紅ほっぺ | AN8: 780 | AO8: 260 | AP8: 7 | AR8: NaITO | AS8: 紅ほっぺ（無） | AT8: 850 | AU8: 230 | AV8: 4 | AX8: 岡部 | AY8: 紅ほっぺ | AZ8: 140 | BA8: 300 | BB8: 1 | BD8: ケイアイ | BE8: 紅ほっぺ | BF8: 1340 | BG8: 740 | BH8: 10 | BJ8: 富士機械 | BK8: やよいひめ | BL8: 600 | BM8: 1760 | BN8: 5 | BP8: 慈誠会 | BQ8: 紅ほっぺ | BR8: 100 | BS8: 320 | BT8: 1 | BV8: 富士機材 | BW8: やよいひめ | BX8: 0 | BY8: 0 | BZ8: 0 | CB8: 昭和 | CC8: 紅ほっぺ | CD8: 820 | CE8: 747 | CF8: 8 | CH8: 日建 | CI8: 紅ほっぺ（無） | CJ8: 0 | CK8: 0 | CL8: 0
B9: マルテー | C9: よつぼし | D9: 46 | E9: 0 | F9: 0 | H9: 三和 | I9: 紅ほっぺ | J9: 500 | K9: 320 | L9: 0 | N9: QB | O9: 紅ほっぺ（無） | P9: 380 | Q9: 180 | R9: 3 | T9: 東レ | U9: よつぼし | V9: 1240 | W9: 0 | X9: 10 | Z9: Adobe | AA9: かおり野 | AB9: 4700 | AC9: 0 | AD9: 42 | AF9: バリュ | AG9: 紅ほっぺ | AH9: 220 | AI9: 180 | AJ9: 2 | AL9: ソリトン | AM9: 紅ほっぺ | AN9: 520 | AO9: 120 | AP9: 5 | AR9: NaITO | AS9: 紅ほっぺ（無） | AT9: 210 | AU9: 390 | AV9: 1 | AX9: 岡部 | AY9: 紅ほっぺ | AZ9: 240 | BA9: 0 | BB9: 0 | BD9: ケイアイ | BE9: 紅ほっぺ | BF9: 430 | BG9: 830 | BH9: 0 | BJ9: 富士機械 | BK9: やよいひめ | BL9: 250 | BM9: 1510 | BN9: 2 | BP9: 慈誠会 | BQ9: 紅ほっぺ | BR9: 30 | BS9: 260 | BT9: 0 | BV9: 富士機材 | BW9: やよいひめ | BX9: 1340 | BY9: 2060 | BZ9: 7 | CB9: 昭和 | CC9: 紅ほっぺ | CD9: 114 | CE9: 366 | CF9: 1 | CH9: 日建（遅） | CI9: 紅ほっぺ | CJ9: 0 | CK9: 0 | CL9: 0
B10: マルテー | C10: 紅ほっぺ（断） | D10: 200 | E10: 0 | F10: 0 | H10: 三和 | I10: 紅ほっぺ | J10: 0 | K10: 0 | L10: 0 | N10: QB | O10: 紅ほっぺ（無） | P10: 480 | Q10: 100 | R10: 3 | T10: 東レ | U10: 紅ほっぺ | V10: 820 | W10: 0 | X10: 7 | Z10: Adobe | AA10: かおり野 | AB10: 1460 | AC10: 0 | AD10: 12 | AF10: バリュ | AG10: 紅ほっぺ | AH10: 170 | AI10: 135 | AJ10: 1 | AL10: ソリトン | AM10: 紅ほっぺ | AN10: 600 | AO10: 439 | AP10: 4 | AR10: NaITO | AS10: 紅ほっぺ（無） | AT10: 45 | AU10: 426 | AV10: 1 | AX10: 岡部 | AY10: 紅ほっぺ | AZ10: 0 | BA10: 360 | BB10: 0 | BD10: ケイアイ | BE10: 紅ほっぺ | BF10: 0 | BG10: 0 | BH10: 0 | BJ10: 富士機械 | BK10: 弥生姫 | BL10: 50 | BM10: 1320 | BN10: 0 | BP10: 慈誠会 | BQ10: 紅ほっぺ | BR10: 0 | BS10: 40 | BT10: 0 | BV10: 富士機材 | BW10: 弥生姫 | BX10: 460 | BY10: 1620 | BZ10: 3 | CB10: 昭和 | CC10: 紅ほっぺ | CD10: 550 | CE10: 230 | CF10: 5 | CH10: 日建 | CI10: 紅ほっぺ（無） | CJ10: 240 | CK10: 720 | CL10: 2
B11: マルテー | C11: かおり野 | D11: 120 | E11: 0 | F11: 0 | H11: 三和 | I11: 紅ほっぺ | J11: 260 | K11: 530 | L11: 1 | N11: QB | O11: 紅ほっぺ（無） | P11: 420 | Q11: 260 | R11: 4 | T11: 東レ | U11: よつぼし | V11: 1880 | W11: 2480 | X11: 10 | Z11: Adobe | AA11: かおり野 | AB11: 820 | AC11: 822 | AD11: 8 | AF11: バリュ | AG11: 紅ほっぺ | AH11: 0 | AI11: 0 | AJ11: 0 | AL11: ソリトン | AM11: 紅ほっぺ | AN11: 740 | AO11: 500 | AP11: 7 | AR11: NaITO | AS11: 紅ほっぺ（無） | AT11: 0 | AU11: 843 | AV11: 0 | AX11: 岡部 | AY11: 紅ほっぺ | AZ11: 0 | BA11: 630 | BB11: 0 | BD11: ケイアイ | BE11: 紅ほっぺ | BF11: 0 | BG11: 40 | BH11: 0 | BJ11: 富士機械 | BK11: やよいひめ | BL11: 130 | BM11: 1550 | BN11: 1 | BP11: 慈誠会 | BQ11: 紅ほっぺ | BR11: 0 | BS11: 80 | BT11: 0 | BV11: 富士機材 | BW11: やよいひめ | BX11: 460 | BY11: 1800 | BZ11: 2 | CB11: 昭和 | CC11: 紅ほっぺ | CD11: 340 | CE11: 320 | CF11: 3 | CH11: 日建（遅） | CI11: 紅ほっぺ | CJ11: 0 | CK11: 119 | CL11: 22
B12: マルテー | C12: かおり野 | D12: 240 | E12: 0 | F12: 0 | H12: 三和 | I12: 紅ほっぺ | J12: 0 | K12: 0 | L12: 0 | N12: QB | O12: 紅ほっぺ（無） | P12: 495 | Q12: 125 | R12: 3 | T12: 東レ | U12: 紅ほっぺ（無） | V12: 1240 | W12: 420 | X12: 8 | Z12: Adobe | AA12: かおり野 | AB12: 1880 | AC12: 665 | AD12: 9 | AF12: バリュ | AG12: 紅ほっぺ | AH12: 0 | AI12: 0 | AJ12: 0 | AL12: ソリトン | AM12: 紅ほっぺ | AN12: 480 | AO12: 620 | AP12: 4 | AR12: NaITO | AS12: 無 | AT12: 0 | AU12: 634 | AV12: 0 | AX12: 岡部 | AY12: 紅ほっぺ | AZ12: 0 | BA12: 30 | BB12: 0 | BD12: ケイアイ | BE12: 紅ほっぺ | BF12: 340 | BG12: 320 | BH12: 3 | BJ12: 富士機械 | BK12: やよいひめ | BL12: 0 | BM12: 600 | BN12: 0 | BP12: 慈誠会 | BQ12: 紅ほっぺ | BR12: 100 | BS12: 40 | BT12: 1 | BV12: 富士機材 | BW12: やよいひめ | BX12: 860 | BY12: 1740 | BZ12: 7 | CB12: 昭和 | CC12: 紅ほっぺ | CD12: 300 | CE12: 180 | CF12: 2 | CH12: 日建 | CI12: 紅ほっぺ（無） | CJ12: 280 | CK12: 160 | CL12: 1
B13: マルテー | C13: よつぼし | D13: 240 | E13: 0 | F13: 0 | H13: 三和 | I13: 紅ほっぺ | J13: 0 | K13: 660 | L13: 0 | N13: QB | O13: 紅ほっぺ（無） | P13: 140 | Q13: 200 | R13: 1 | T13: 東レ | U13: よつぼし | V13: 2036 | W13: 435 | X13: 15 | Z13: Adobe | AA13: かおり野 | AB13: 400 | AC13: 920 | AD13: 4 | AF13: バリュ | AG13: 紅ほっぺ | AH13: 466 | AI13: 1474 | AJ13: 3 | AL13: ソリトン | AM13: 紅ほっぺ | AN13: 180 | AO13: 80 | AP13: 1 | AR13: NaITO | AS13: 無 | AT13: 0 | AU13: 120 | AV13: 0 | AX13: 岡部 | AY13: 紅ほっぺ | AZ13: 400 | BA13: 500 | BB13: 4 | BD13: ケイアイ | BE13: 紅ほっぺ | BF13: 320 | BG13: 540 | BH13: 15 | BJ13: 富士機械 | BK13: やよいひめ | BL13: 240 | BM13: 1360 | BN13: 2 | BP13: 慈誠会 | BQ13: 紅ほっぺ | BR13: 180 | BS13: 100 | BT13: 2 | BV13: 富士機材 | BW13: やよいひめ | BX13: 590 | BY13: 570 | BZ13: 4 | CB13: 昭和 | CC13: 紅ほっぺ | CD13: 540 | CE13: 480 | CF13: 3 | CH13: 日建（遅） | CI13: 紅ほっぺ | CJ13: 0 | CK13: 0 | CL13: 0
B14: マルテー | C14: 紅ほっぺ（断） | D14: 260 | E14: 0 | F14: 0 | H14: 三和 | I14: 紅ほっぺ | J14: 450 | K14: 350 | L14: 4 | N14: QB | O14: 紅ほっぺ（無） | P14: 167 | Q14: 366 | R14: 1 | T14: 東レ | U14: 紅ほっぺ（無） | V14: 1800 | W14: 0 | X14: 8 | Z14: Adobe | AA14: かおり野 | AB14: 580 | AC14: 180 | AD14: 5 | AF14: バリュ | AG14: 無 | AH14: 400 | AI14: 1240 | AJ14: 3 | AL14: ソリトン | AM14: 紅ほっぺ | AN14: 0 | AO14: 260 | AP14: 0 | AR14: NaITO | AS14: 無 | AT14: 20 | AU14: 170 | AV14: 0 | AX14: 岡部 | AY14: 紅ほっぺ | AZ14: 160 | BA14: 260 | BB14: 1 | BD14: ケイアイ | BE14: 紅ほっぺ | BF14: 1210 | BG14: 340 | BH14: 12 | BJ14: 富士機械 | BK14: やよいひめ | BL14: 1010 | BM14: 2020 | BN14: 9 | BP14: 慈誠会 | BQ14: 紅ほっぺ | BR14: 240 | BS14: 280 | BT14: 2 | BV14: 富士機材 | BW14: やよいひめ | BX14: 500 | BY14: 220 | BZ14: 5 | CB14: 昭和 | CC14: 紅ほっぺ | CD14: 76 | CE14: 104 | CF14: 0 | CH14: 日建 | CI14: 紅ほっぺ（無） | CJ14: 0 | CK14: 0 | CL14: 0
B15: マルテー | C15: 紅ほっぺ（断） | D15: 120 | E15: 0 | F15: 0 | H15: 三和 | I15: 紅ほっぺ | J15: 0 | K15: 520 | L15: 0 | N15: QB | O15: 紅ほっぺ（無） | P15: 0 | Q15: 550 | R15: 0 | T15: 東レ | U15: よつぼし | V15: 1990 | W15: 1250 | X15: 17 | Z15: Adobe | AA15: かおり野 | AB15: 1500 | AC15: 573 | AD15: 5 | AF15: バリュ | AG15: 無 | AH15: 270 | AI15: 510 | AJ15: 2 | AL15: ソリトン | AM15: 紅ほっぺ | AN15: 110 | AO15: 170 | AP15: 1 | AR15: NaITO | AS15: 無 | AT15: 130 | AU15: 170 | AV15: 1 | AX15: 岡部 | AY15: 紅ほっぺ | AZ15: 120 | BA15: 0 | BB15: 1 | BD15: ケイアイ | BE15: 紅ほっぺ | BF15: 610 | BG15: 90 | BH15: 6 | BJ15: 富士機械 | BK15: やよいひめ | BL15: 2270 | BM15: 1650 | BN15: 21 | BP15: 慈誠会 | BQ15: 紅ほっぺ | BR15: 140 | BS15: 140 | BT15: 1 | BV15: 富士機材 | BW15: やよいひめ | BX15: 2890 | BY15: 290 | BZ15: 22 | CB15: 昭和 | CC15: 紅ほっぺ | CD15: 0 | CE15: 240 | CF15: 0 | CH15: 日建（遅） | CI15: 紅ほっぺ | CJ15: 0 | CK15: 0 | CL15: 0
B16: マルテー | C16: よつぼし | D16: 220 | E16: 0 | F16: 0 | H16: 三和 | I16: 紅ほっぺ | J16: 140 | K16: 520 | L16: 1 | N16: QB | O16: 無 | P16: 0 | Q16: 180 | R16: 0 | T16: 東レ | U16: 紅ほっぺ（無） | V16: 2300 | W16: 2707 | X16: 23 | Z16: Adobe | AA16: かおり野 | AB16: 300 | AC16: 940 | AD16: 2 | AF16: バリュ | AG16: やよいひめ | AH16: 340 | AI16: 750 | AJ16: 3 | AL16: ソリトン | AM16: 紅ほっぺ | AN16: 310 | AO16: 190 | AP16: 4 | AR16: NaITO | AS16: 無 | AT16: 450 | AU16: 260 | AV16: 4 | AX16: 岡部 | AY16: 紅ほっぺ | AZ16: 0 | BA16: 120 | BB16: 0 | BD16: ケイアイ | BE16: 紅ほっぺ | BF16: 790 | BG16: 250 | BH16: 8 | BJ16: 富士機械 | BK16: やよいひめ | BL16: 5510 | BM16: 1250 | BN16: 52 | BP16: 慈誠会 | BQ16: 紅ほっぺ | BR16: 300 | BS16: 80 | BT16: 3 | BV16: 富士機材 | BW16: やよいひめ | BX16: 2510 | BY16: 10 | BZ16: 18 | CB16: 昭和 | CC16: 紅ほっぺ | CD16: 0 | CE16: 120 | CF16: 0 | CH16: 日建 | CI16: 紅ほっぺ（無） | CJ16: 0 | CK16: 0 | CL16: 0
B17: マルテー | C17: かおり野 | D17: 480 | E17: 0 | F17: 0 | H17: 三和 | I17: 紅ほっぺ | J17: 500 | K17: 0 | L17: 0 | N17: QB | O17: 無 | P17: 0 | Q17: 165 | R17: 0 | T17: 東レ | U17: よつぼし | V17: 1990 | W17: 1350 | X17: 17 | Z17: Adobe | AA17: かおり野 | AB17: 0 | AC17: 0 | AD17: 0 | AF17: バリュ | AG17: 無 | AH17: 230 | AI17: 620 | AJ17: 2 | AL17: ソリトン | AM17: 紅ほっぺ | AN17: 780 | AO17: 360 | AP17: 5 | AR17: NaITO | AS17: 無 | AT17: 590 | AU17: 260 | AV17: 5 | AX17: 岡部 | AY17: 紅ほっぺ | AZ17: 230 | BA17: 470 | BB17: 2 | BD17: ケイアイ | BE17: 紅ほっぺ | BF17: 1230 | BG17: 230 | BH17: 12 | BJ17: 富士機械 | BK17: やよいひめ | BL17: 2530 | BM17: 810 | BN17: 23 | BP17: 慈誠会 | BQ17: 紅ほっぺ | BR17: 420 | BS17: 80 | BT17: 4 | BV17: 富士機材 | BW17: やよいひめ | BX17: 1530 | BY17: 30 | BZ17: 15 | CB17: 昭和 | CC17: 紅ほっぺ | CD17: 0 | CE17: 260 | CF17: 0 | CH17: 日建（遅） | CI17: 紅ほっぺ | CJ17: 0 | CK17: 0 | CL17: 0
B18: マルテー | C18: 紅ほっぺ（断） | D18: 120 | E18: 0 | F18: 0 | N18: QB | O18: 無 | P18: 200 | Q18: 0 | R18: 2 | T18: 東レ | U18: 紅ほっぺ（無） | V18: 1240 | W18: 1532 | X18: 9 | Z18: Adobe | AA18: かおり野 | AB18: 140 | AC18: 600 | AD18: 1 | AF18: バリュ | AG18: やよいひめ | AH18: 330 | AI18: 290 | AJ18: 3 | AL18: ソリトン | AM18: 紅ほっぺ | AN18: 420 | AO18: 200 | AP18: 4 | AR18: NaITO | AS18: 無 | AT18: 500 | AU18: 170 | AV18: 5 | AX18: 岡部 | AY18: 紅ほっぺ | AZ18: 100 | BA18: 340 | BB18: 1 | BD18: ケイアイ | BE18: 紅ほっぺ | BF18: 2100 | BG18: 480 | BH18: 19 | BJ18: 富士機械 | BK18: やよいひめ | BL18: 910 | BM18: 70 | BN18: 7 | BP18: 慈誠会 | BQ18: 紅ほっぺ | BR18: 350 | BS18: 270 | BT18: 2 | BV18: 富士機材 | BW18: やよいひめ | BX18: 600 | BY18: 0 | BZ18: 4 | CB18: 昭和 | CC18: 紅ほっぺ | CD18: 80 | CE18: 240 | CF18: 0 | CH18: 日建 | CI18: 無 | CJ18: 0 | CK18: 240 | CL18: 0
B19: マルテー | C19: かおり野 | D19: 300 | E19: 0 | F19: 0 | N19: QB | O19: 無 | P19: 100 | Q19: 60 | R19: 1 | T19: 東レ | U19: よつぼし | V19: 2300 | W19: 325 | X19: 22 | Z19: Adobe | AA19: かおり野 | AB19: 1660 | AC19: 830 | AD19: 13 | AF19: バリュ | AG19: 無 | AH19: 460 | AI19: 240 | AJ19: 2 | AL19: ソリトン | AM19: 紅ほっぺ | AN19: 470 | AO19: 210 | AP19: 4 | AR19: NaITO | AS19: 無 | AT19: 210 | AU19: 30 | AV19: 2 | AX19: 岡部 | AY19: 紅ほっぺ | AZ19: 500 | BA19: 0 | BB19: 15 | BD19: ケイアイ | BE19: 紅ほっぺ | BF19: 1500 | BG19: 1120 | BH19: 14 | BJ19: 富士機械 | BK19: やよいひめ | BL19: 3100 | BM19: 510 | BN19: 31 | BP19: 慈誠会 | BQ19: 紅ほっぺ | BR19: 260 | BS19: 600 | BT19: 2 | BV19: 富士機材 | BW19: やよいひめ | BX19: 1020 | BY19: 0 | BZ19: 7 | CB19: 昭和 | CC19: 紅ほっぺ | CD19: 0 | CE19: 320 | CF19: 0
B20: マルテー | C20: よつぼし | D20: 500 | E20: 0 | F20: 0 | N20: QB | O20: 無 | P20: 0 | Q20: 150 | R20: 0 | T20: 東レ | U20: 紅ほっぺ（無） | V20: 1020 | W20: 1280 | X20: 7 | Z20: Adobe | AA20: かおり野 | AB20: 2800 | AC20: 1060 | AD20: 24 | AF20: バリュ | AG20: やよいひめ | AH20: 320 | AI20: 280 | AJ20: 2 | AL20: ソリトン | AM20: 紅ほっぺ | AN20: 750 | AO20: 450 | AP20: 7 | AR20: NaITO | AS20: 無 | AT20: 470 | AU20: 880 | AV20: 3 | BD20: ケイアイ | BE20: 紅ほっぺ | BF20: 1060 | BG20: 740 | BH20: 10 | BJ20: 富士機械 | BK20: やよいひめ | BL20: 1760 | BM20: 620 | BN20: 15 | BP20: 慈誠会 | BQ20: 紅ほっぺ | BR20: 120 | BS20: 500 | BT20: 1 | BV20: 富士機材 | BW20: やよいひめ | BX20: 2960 | BY20: 360 | BZ20: 26 | CB20: 昭和 | CC20: 紅ほっぺ | CD20: 90 | CE20: 170 | CF20: 0
B21: マルテー | C21: 紅ほっぺ（断） | D21: 1120 | E21: 0 | F21: 10 | N21: QB | O21: 無 | P21: 360 | Q21: 200 | R21: 2 | T21: 東レ | U21: よつぼし | V21: 1326 | W21: 2050 | X21: 12 | Z21: Adobe | AA21: かおり野 | AB21: 3640 | AC21: 1120 | AD21: 26 | AF21: バリュ | AG21: 紅ほっぺ | AH21: 100 | AI21: 160 | AJ21: 1 | AL21: ソリトン | AM21: 紅ほっぺ | AN21: 370 | AO21: 570 | AP21: 3 | AR21: NaITO | AS21: 無 | AT21: 900 | AU21: 870 | AV21: 7 | BD21: ケイアイ | BE21: 紅ほっぺ | BF21: 830 | BG21: 470 | BH21: 4 | BJ21: 富士機械 | BK21: やよいひめ | BL21: 220 | BM21: 1120 | BN21: 2 | BP21: 慈誠会 | BQ21: 紅ほっぺ | BR21: 1140 | BS21: 0 | BT21: 0 | BV21: 富士機材 | BW21: やよいひめ | BX21: 1010 | BY21: 450 | BZ21: 7 | CB21: 昭和 | CC21: 紅ほっぺ | CD21: 120 | CE21: 160 | CF21: 1
B22: マルテー | C22: よつぼし | D22: 880 | E22: 0 | F22: 6 | N22: QB | O22: 無 | P22: 150 | Q22: 0 | R22: 1 | T22: 東レ | U22: 紅ほっぺ（無） | V22: 280 | W22: 1610 | X22: 0 | Z22: Adobe | AA22: かおりの | AB22: 2330 | AC22: 1170 | AD22: 25 | AF22: バリュ | AG22: 無 | AH22: 590 | AI22: 430 | AJ22: 4 | AL22: ソリトン | AM22: 紅ほっぺ | AN22: 240 | AO22: 760 | AP22: 2 | AR22: NaITO | AS22: 無 | AT22: 920 | AU22: 840 | AV22: 1 | BD22: ケイアイ | BE22: 紅ほっぺ | BF22: 900 | BG22: 600 | BH22: 0 | BJ22: 富士機械 | BK22: やよいひめ | BL22: 110 | BM22: 330 | BN22: 1 | BP22: 慈誠会 | BQ22: 紅ほっぺ | BR22: 320 | BS22: 0 | BT22: 4 | BV22: 富士機材 | BW22: やよいひめ | BX22: 1900 | BY22: 2800 | BZ22: 13 | CB22: 昭和 | CC22: 紅ほっぺ | CD22: 450 | CE22: 290 | CF22: 4
B23: マルテー | C23: かおり野 | D23: 220 | E23: 0 | F23: 1 | N23: QB | O23: 無 | P23: 100 | Q23: 0 | R23: 0 | T23: 東レ | U23: よつぼし | V23: 1160 | W23: 2420 | X23: 11 | Z23: Adobe | AA23: かおりの | AB23: 2180 | AC23: 1000 | AD23: 17 | AF23: バリュ | AG23: やよいひめ | AH23: 190 | AI23: 150 | AJ23: 1 | AL23: ソリトン | AM23: 紅ほっぺ | AN23: 210 | AO23: 310 | AP23: 2 | AR23: NaITO | AS23: 無 | AT23: 200 | AU23: 420 | AV23: 2 | BD23: ケイアイ | BE23: 紅ほっぺ | BF23: 1400 | BG23: 0 | BH23: 0 | BV23: 富士機材 | BW23: やよいひめ | BX23: 3800 | BY23: 0 | BZ23: 8 | CB23: 昭和 | CC23: 紅ほっぺ | CD23: 170 | CE23: 330 | CF23: 2
B24: マルテー | C24: 紅ほっぺ（断） | D24: 2300 | E24: 0 | F24: 21 | T24: 東レ | U24: 紅ほっぺ（無） | V24: 1600 | W24: 1100 | X24: 5 | Z24: Adobe | AA24: かおりの | AB24: 2700 | AC24: 2260 | AD24: 22 | AF24: バリュ | AG24: 無 | AH24: 1150 | AI24: 520 | AJ24: 10 | AL24: ソリトン | AM24: 紅ほっぺ | AN24: 1120 | AO24: 0 | AP24: 0 | AR24: NaITO | AS24: 無 | AT24: 170 | AU24: 150 | AV24: 0 | BD24: ケイアイ | BE24: 紅ほっぺ | BF24: 1200 | BG24: 0 | BH24: 0 | CB24: 昭和 | CC24: 紅ほっぺ | CD24: 260 | CE24: 660 | CF24: 2
B25: マルテー | C25: よつぼし | D25: 500 | E25: 0 | F25: 2 | T25: 東レ | U25: よつぼし | V25: 551 | W25: 479 | X25: 5 | Z25: Adobe | AA25: かおり野 | AB25: 1280 | AC25: 4980 | AD25: 11 | AF25: バリュ | AG25: やよいひめ | AH25: 510 | AI25: 390 | AJ25: 3 | AR25: Naito | AS25: 無 | AT25: 300 | AU25: 0 | AV25: 0 | CB25: 昭和 | CC25: 紅ほっぺ | CD25: 40 | CE25: 350 | CF25: 0
B26: マルテー | C26: かおり野 | D26: 520 | E26: 0 | F26: 2 | T26: 東レ | U26: 無 | V26: 0 | W26: 630 | X26: 0 | Z26: Adobe | AA26: かおりの | AB26: 180 | AC26: 830 | AD26: 1 | AF26: バリュ | AG26: 無 | AH26: 1730 | AI26: 700 | AJ26: 16 | CB26: 昭和 | CC26: 紅ほっぺ | CD26: 300 | CE26: 0 | CF26: 0
B27: マルテー | C27: やよい姫 | D27: 300 | E27: 0 | F27: 1 | T27: 東レ | U27: よつぼし | V27: 440 | W27: 1360 | X27: 4 | Z27: Adobe | AA27: かおりの | AB27: 200 | AC27: 480 | AD27: 2 | AF27: バリュ | AG27: やよいひめ | AH27: 780 | AI27: 1250 | AJ27: 4
B28: マルテー | C28: 紅ほっぺ（無） | D28: 1840 | E28: 0 | F28: 17 | T28: 東レ | U28: よつぼし | V28: 100 | W28: 610 | X28: 1 | Z28: Adobe | AA28: かおりの | AB28: 740 | AC28: 0 | AD28: 1 | AF28: バリュ | AG28: 無 | AH28: 880 | AI28: 670 | AJ28: 8
B29: マルテー | C29: かおり野 | D29: 128 | E29: 282 | F29: 1 | T29: 東レ | U29: よつぼし | V29: 100 | W29: 0 | X29: 1 | AF29: バリュ | AG29: やよいひめ | AH29: 460 | AI29: 0 | AJ29: 2
B30: マルテー | C30: よつぼし | D30: 210 | E30: 330 | F30: 2 | T30: 東レ | U30: 無 | V30: 240 | W30: 330 | X30: 2 | AF30: バリュ | AG30: 無 | AH30: 450 | AI30: 140 | AJ30: 4
B31: マルテー | C31: やよい姫 | D31: 220 | E31: 300 | F31: 2 | T31: 東レ | U31: よつぼし | V31: 1840 | W31: 230 | X31: 17 | AF31: バリュ | AG31: やよいひめ | AH31: 200 | AI31: 120 | AJ31: 2
B32: マルテー | C32: 紅ほっぺ（無） | D32: 2840 | E32: 1020 | F32: 26 | T32: 東レ | U32: よつぼし | V32: 2250 | W32: 240 | X32: 21 | AF32: バリュ | AG32: 無 | AH32: 4000 | AI32: 1560 | AJ32: 38
B33: マルテー | C33: 紅ほっぺ（無） | D33: 2740 | E33: 470 | F33: 22 | T33: 東レ | U33: 無 | V33: 1600 | W33: 860 | X33: 15 | AF33: バリュ | AG33: やよいひめ | AH33: 4170 | AI33: 1400 | AJ33: 40
B34: マルテー | C34: 紅ほっぺ（無） | D34: 2160 | E34: 500 | F34: 15 | T34: 東レ | U34: よつぼし | V34: 5420 | W34: 500 | X34: 39 | AF34: バリュ | AG34: やよいひめ | AH34: 680 | AI34: 0 | AJ34: 5
B35: マルテー | C35: かおり野 | D35: 300 | E35: 90 | F35: 2 | T35: 東レ | U35: 無 | V35: 3060 | W35: 1580 | X35: 22 | AF35: バリュ | AG35: 無 | AH35: 840 | AI35: 300 | AJ35: 6
B36: マルテー | C36: よつぼし | D36: 220 | E36: 120 | F36: 1 | T36: 東レ | U36: よつぼし | V36: 4290 | W36: 3330 | X36: 40 | AF36: バリュ | AG36: やよいひめ | AH36: 370 | AI36: 130 | AJ36: 3
B37: マルテー | C37: やよいひめ | D37: 180 | E37: 60 | F37: 1 | T37: 東レ | U37: 無 | V37: 3000 | W37: 2000 | X37: 28 | AF37: バリュ | AG37: 無 | AH37: 410 | AI37: 880 | AJ37: 2
B38: マルテー | C38: 紅ほっぺ（無） | D38: 1468 | E38: 332 | F38: 12 | T38: 東レ | U38: よつぼし | V38: 1110 | W38: 2930 | X38: 11 | AF38: バリュ | AG38: やよいひめ | AH38: 850 | AI38: 0 | AJ38: 6
B39: マルテー | C39: 紅ほっぺ（無） | D39: 3480 | E39: 460 | F39: 32 | T39: 東レ | U39: 無 | V39: 2120 | W39: 6920 | X39: 19 | AF39: バリュ | AG39: 無 | AH39: 240 | AI39: 0 | AJ39: 2
B40: マルテー | C40: かおり野 | D40: 260 | E40: 40 | F40: 2 | T40: 東レ | U40: よつぼし | V40: 0 | W40: 3400 | X40: 0 | AF40: バリュ | AG40: やよいひめ | AH40: 480 | AI40: 0 | AJ40: 4
... B42: マルテー | C42: やよいひめ | D42: 120 | E42: 60 | F42: 1 | T42: 東レ | U42: 無 | V42: 2730 | W42: 4220 | X42: 14 | AF42: バリュ | AG42: やよいひめ | AH42: 730 | AI42: 0 | AJ42: 1
B43: マルテー | C43: 紅ほっぺ（無） | D43: 1835 | E43: 745 | F43: 18 | T43: 東レ | U43: よつぼし | V43: 330 | W43: 1970 | X43: 2
B44: マルテー | C44: 紅ほっぺ（無） | D44: 2321 | E44: 121 | F44: 1 | T44: 東レ | U44: 無 | V44: 1400 | W44: 1700 | X44: 11 | AF44: {=_xlfn._xlws.FILTER(AG3:AJ42,AG3:AG42="やよいひめ")} -> やよいひめ | AG44: 340 | AH44: 750 | AI44: 3
B45: マルテー | C45: かおり野 | D45: 139 | E45: 220 | F45: 0 | T45: 東レ | U45: よつぼし | V45: 6100 | W45: 0 | X45: 0 | AF45: やよいひめ | AG45: 330 | AH45: 290 | AI45: 3
B46: マルテー | C46: よつぼし | D46: 0 | E46: 0 | F46: 0 | T46: 東レ | U46: 無 | V46: 6240 | W46: 0 | X46: 0 | AF46: やよいひめ | AG46: 320 | AH46: 280 | AI46: 2
B47: マルテー | C47: やよいひめ | D47: 0 | E47: 0 | F47: 0 | T47: 東レ | U47: よつぼし | V47: 1420 | W47: 0 | X47: 2 | AF47: やよいひめ | AG47: 190 | AH47: 150 | AI47: 1
B48: マルテー | C48: 紅ほっぺ（無） | D48: 2280 | E48: 1135 | F48: 17 | T48: 東レ | U48: 無 | V48: 3360 | W48: 0 | X48: 0 | AF48: やよいひめ | AG48: 510 | AH48: 390 | AI48: 3
B49: マルテー | C49: 紅ほっぺ（無） | D49: 1920 | E49: 1230 | F49: 13 | AF49: やよいひめ | AG49: 780 | AH49: 1250 | AI49: 4
B50: マルテー | C50: かおり野 | D50: 140 | E50: 269 | F50: 1 | T50: {=_xlfn._xlws.FILTER(U3:X48, U3:U48="よつぼし")} -> よつぼし | U50: 0 | V50: 200 | W50: 0 | AF50: やよいひめ | AG50: 460 | AH50: 0 | AI50: 2
B51: マルテー | C51: よつぼし | D51: 200 | E51: 166 | F51: 1 | T51: よつぼし | U51: 440 | V51: 0 | W51: 4 | AF51: やよいひめ | AG51: 200 | AH51: 120 | AI51: 2
B52: マルテー | C52: やよいひめ | D52: 0 | E52: 0 | F52: 0 | T52: よつぼし | U52: 960 | V52: 560 | W52: 8 | AF52: やよいひめ | AG52: 4170 | AH52: 1400 | AI52: 40
B53: マルテー | C53: 紅ほっぺ（無） | D53: 5460 | E53: 500 | F53: 20 | T53: よつぼし | U53: 160 | V53: 800 | W53: 0 | AF53: やよいひめ | AG53: 680 | AH53: 0 | AI53: 5
B54: マルテー | C54: 紅ほっぺ（無） | D54: 0 | E54: 0 | F54: 0 | T54: よつぼし | U54: 1240 | V54: 0 | W54: 10 | AF54: やよいひめ | AG54: 370 | AH54: 130 | AI54: 3
B55: マルテー | C55: かおり野 | D55: 340 | E55: 1840 | F55: 1 | T55: よつぼし | U55: 1880 | V55: 2480 | W55: 10 | AF55: やよいひめ | AG55: 850 | AH55: 0 | AI55: 6
B56: マルテー | C56: よつぼし | D56: 300 | E56: 0 | F56: 3 | T56: よつぼし | U56: 2036 | V56: 435 | W56: 15 | AF56: やよいひめ | AG56: 480 | AH56: 0 | AI56: 4
B57: マルテー | C57: やよいひめ | D57: 0 | E57: 0 | F57: 0 | T57: よつぼし | U57: 1990 | V57: 1250 | W57: 17 | AF57: やよいひめ | AG57: 730 | AH57: 0 | AI57: 1
B58: マルテー | C58: 紅ほっぺ（無） | D58: 580 | E58: 1480 | F58: 10 | T58: よつぼし | U58: 1990 | V58: 1350 | W58: 17
B59: マルテー | C59: 紅ほっぺ（無） | D59: 4620 | E59: 0 | F59: 30 | T59: よつぼし | U59: 2300 | V59: 325 | W59: 22
B60: マルテー | C60: かおり野 | D60: 340 | E60: 2200 | F60: 2 | T60: よつぼし | U60: 1326 | V60: 2050 | W60: 12 | AF60: {=_xlfn._xlws.FILTER(AG3:AJ42,AG3:AG42="無")} -> 無 | AG60: 400 | AH60: 1240 | AI60: 3
B61: マルテー | C61: よつぼし | D61: 360 | E61: 3190 | F61: 0 | T61: よつぼし | U61: 1160 | V61: 2420 | W61: 11 | AF61: 無 | AG61: 270 | AH61: 510 | AI61: 2
B62: マルテー | C62: やよいひめ | D62: 160 | E62: 0 | F62: 1 | T62: よつぼし | U62: 551 | V62: 479 | W62: 5 | AF62: 無 | AG62: 230 | AH62: 620 | AI62: 2
B63: マルテー | C63: 無 | D63: 2420 | E63: 4140 | F63: 17 | T63: よつぼし | U63: 440 | V63: 1360 | W63: 4 | AF63: 無 | AG63: 460 | AH63: 240 | AI63: 2
B64: マルテー | C64: かおりの | D64: 340 | E64: 0 | F64: 2 | T64: よつぼし | U64: 100 | V64: 610 | W64: 1 | AF64: 無 | AG64: 590 | AH64: 430 | AI64: 4
B65: マルテー | C65: よつぼし | D65: 0 | E65: 720 | F65: 0 | T65: よつぼし | U65: 100 | V65: 0 | W65: 1 | AF65: 無 | AG65: 1150 | AH65: 520 | AI65: 10
B66: マルテー | C66: 弥生姫 | D66: 120 | E66: 0 | F66: 1 | T66: よつぼし | U66: 1840 | V66: 230 | W66: 17 | AF66: 無 | AG66: 1730 | AH66: 700 | AI66: 16
B67: マルテー | C67: 無 | D67: 1700 | E67: 2540 | F67: 15 | T67: よつぼし | U67: 2250 | V67: 240 | W67: 21 | AF67: 無 | AG67: 880 | AH67: 670 | AI67: 8
B68: マルテー | C68: かおり野 | D68: 0 | E68: 360 | F68: 0 | T68: よつぼし | U68: 5420 | V68: 500 | W68: 39 | AF68: 無 | AG68: 450 | AH68: 140 | AI68: 4
B69: マルテー | C69: よつぼし | D69: 0 | E69: 300 | F69: 0 | T69: よつぼし | U69: 4290 | V69: 3330 | W69: 40 | AF69: 無 | AG69: 4000 | AH69: 1560 | AI69: 38
B70: マルテー | C70: やよいひめ | D70: 0 | E70: 220 | F70: 0 | T70: よつぼし | U70: 1110 | V70: 2930 | W70: 11 | AF70: 無 | AG70: 840 | AH70: 300 | AI70: 6
B71: マルテー | C71: 無 | D71: 980 | E71: 3180 | F71: 9 | T71: よつぼし | U71: 0 | V71: 3400 | W71: 0 | AF71: 無 | AG71: 410 | AH71: 880 | AI71: 2
B72: マルテー | C72: かおり野 | D72: 270 | E72: 270 | F72: 2 | T72: よつぼし | U72: 300 | V72: 4860 | W72: 3 | AF72: 無 | AG72: 240 | AH72: 0 | AI72: 2
B73: マルテー | C73: よつぼし | D73: 0 | E73: 440 | F73: 0 | T73: よつぼし | U73: 330 | V73: 1970 | W73: 2 | AF73: 無 | AG73: 880 | AH73: 0 | AI73: 0
B74: マルテー | C74: やよいひめ | D74: 120 | E74: 440 | F74: 1 | T74: よつぼし | U74: 6100 | V74: 0 | W74: 0
B75: マルテー | C75: 無 | D75: 530 | E75: 1110 | F75: 5 | T75: よつぼし | U75: 1420 | V75: 0 | W75: 2 | AF75: {=_xlfn._xlws.FILTER(AG3:AJ42,ISNUMBER(SEARCH("紅ほっぺ",AG3:AG42)))} -> 紅ほっぺ（断） | AG75: 400 | AH75: 0 | AI75: 0
B76: マルテー | C76: かおり野 | D76: 0 | E76: 100 | F76: 0 | AF76: 紅ほっぺ | AG76: 1140 | AH76: 0 | AI76: 0
B77: マルテー | C77: よつぼし | D77: 100 | E77: 100 | F77: 1 | AF77: 紅ほっぺ | AG77: 1320 | AH77: 0 | AI77: 11
B78: マルテー | C78: やよいひめ | D78: 0 | E78: 80 | F78: 0 | T78: {=_xlfn._xlws.FILTER(U3:X48, U3:U48="無")} -> 無 | U78: 0 | V78: 630 | W78: 0 | AF78: 紅ほっぺ | AG78: 886 | AH78: 654 | AI78: 8
B79: マルテー | C79: 無 | D79: 420 | E79: 1820 | F79: 4 | T79: 無 | U79: 240 | V79: 330 | W79: 2 | AF79: 紅ほっぺ | AG79: 1080 | AH79: 430 | AI79: 5
B80: マルテー | C80: かおり野 | D80: 110 | E80: 150 | F80: 1 | T80: 無 | U80: 1600 | V80: 860 | W80: 15 | AF80: 紅ほっぺ | AG80: 160 | AH80: 380 | AI80: 1
B81: マルテー | C81: よつぼし | D81: 320 | E81: 160 | F81: 3 | T81: 無 | U81: 3060 | V81: 1580 | W81: 22 | AF81: 紅ほっぺ | AG81: 220 | AH81: 180 | AI81: 2
B82: マルテー | C82: やよいひめ | D82: 120 | E82: 220 | F82: 1 | T82: 無 | U82: 3000 | V82: 2000 | W82: 28 | AF82: 紅ほっぺ | AG82: 170 | AH82: 135 | AI82: 1
B83: マルテー | C83: 無 | D83: 790 | E83: 1690 | F83: 8 | T83: 無 | U83: 2120 | V83: 6920 | W83: 19 | AF83: 紅ほっぺ | AG83: 0 | AH83: 0 | AI83: 0
B84: マルテー | C84: かおり野 | D84: 330 | E84: 290 | F84: 3 | T84: 無 | U84: 2730 | V84: 4220 | W84: 14 | AF84: 紅ほっぺ | AG84: 0 | AH84: 0 | AI84: 0
B85: マルテー | C85: よつぼし | D85: 320 | E85: 590 | F85: 3 | T85: 無 | U85: 1400 | V85: 1700 | W85: 11 | AF85: 紅ほっぺ | AG85: 466 | AH85: 1474 | AI85: 3
B86: マルテー | C86: やよいひめ | D86: 410 | E86: 630 | F86: 4 | T86: 無 | U86: 6240 | V86: 0 | W86: 0 | AF86: 紅ほっぺ | AG86: 100 | AH86: 160 | AI86: 1
B87: マルテー | C87: 無 | D87: 0 | E87: 1660 | F87: 0 | N87: FILTER(E4:H447,ISNUMBER(SEARCH("かおり",E4:E447))) | T87: 無 | U87: 3360 | V87: 0 | W87: 0
B88: マルテー | C88: かおり野 | D88: 320 | E88: 240 | F88: 3 | N88: FILTER(元データ!D4:H447, 元データ!D4:D447="ケイアイ")
B89: マルテー | C89: よつぼし | D89: 320 | E89: 700 | F89: 3 | N89: FILTER(D4:H447, (ISNUMBER(SEARCH("マルテー", F4:F447))) + (ISNUMBER(SEARCH("ホシ", F4:F447))) )
B90: マルテー | C90: やよいひめ | D90: 940 | E90: 580 | F90: 9
B91: マルテー | C91: 無 | D91: 100 | E91: 400 | F91: 1 | T91: {=_xlfn._xlws.FILTER(U3:X24,ISNUMBER(SEARCH("紅ほっぺ",U3:U24)))} -> 紅ほっぺ（断） | U91: 170 | V91: 0 | W91: 0
B92: マルテー | C92: かおりの | D92: 100 | E92: 80 | F92: 1 | T92: 紅ほっぺ | U92: 3940 | V92: 0 | W92: 28
B93: マルテー | C93: よつぼし | D93: 140 | E93: 600 | F93: 6 | T93: 紅ほっぺ | U93: 820 | V93: 0 | W93: 7
B94: マルテー | C94: やよいひめ | D94: 900 | E94: 780 | F94: 6 | T94: 紅ほっぺ（無） | U94: 1240 | V94: 420 | W94: 8
B95: マルテー | C95: かおりの | D95: 140 | E95: 160 | F95: 1 | T95: 紅ほっぺ（無） | U95: 1800 | V95: 0 | W95: 8
B96: マルテー | C96: よつぼし | D96: 120 | E96: 200 | F96: 1 | T96: 紅ほっぺ（無） | U96: 2300 | V96: 2707 | W96: 23
B97: マルテー | C97: やよいひめ | D97: 340 | E97: 220 | F97: 3 | T97: 紅ほっぺ（無） | U97: 1240 | V97: 1532 | W97: 9
B98: マルテー | C98: 無 | D98: 0 | E98: 1240 | F98: 0 | T98: 紅ほっぺ（無） | U98: 1020 | V98: 1280 | W98: 7
B99: マルテー | C99: かおり野 | D99: 0 | E99: 500 | F99: 0 | T99: 紅ほっぺ（無） | U99: 280 | V99: 1610 | W99: 0
B100: マルテー | C100: よつぼし | D100: 100 | E100: 200 | F100: 1 | T100: 紅ほっぺ（無） | U100: 1600 | V100: 1100 | W100: 5
B101: マルテー | C101: やよいひめ | D101: 100 | E101: 200 | F101: 1
...

Sheet 品
B1: 期間１０月２５日～６月１１日
B2: 品種名 | C2: 正規品（ｇ） | D2: 加工用（ｇ） | E2: パック数 | F2: 収穫量（ｇ） | G2: 株数 | H2: 面積（㎡） | I2: 1株あたり収量（ｇ） | J2: 歩留まり（％） | K2: 加工比率（％） | L2: 10aあたり収量(kg) | N2: いちごの1株あたり収量の目安
B3: かおり野 | C3: =SUM(企収!AB3:AB28) -> 42160 | D3: =SUM(企収!AC3:AC28) -> 18930 | E3: =SUM(企収!AD3:AD28) -> 323 | F3: =SUM(C3:D3) -> 61090 | G3: 360 | H3: 16.8 | I3: =F3/G3 -> 169.69444 | J3: =(C3/F3)*100 -> 69.012932 | K3: =(D3/F3)*100 -> 30.987068 | L3: =F3 / H3* 100 / 1000 -> 363.63095
B4: よつぼし | C4: =SUM(品収!G3:G54) -> 45149 | D4: =SUM(品収!H3:H54) -> 40735 | E4: =SUM(品収!I3:I54) -> 306 | F4: =SUM(C4:D4) -> 85884 | G4: 360 | H4: 17 | I4: =F4/G4 -> 238.56667 | J4: =(C4/F4)*100 -> 52.569745 | K4: =(D4/F4)*100 -> 47.430255 | L4: =F4 / H4* 100 / 1000 -> 505.2 | N4: 栽培方法 | O4: 目安（1株あたり収量）
B5: やよいひめ | C5: =SUM(品収!L3:L75) -> 65668 | D5: =SUM(品収!M3:M75) -> 46370 | E5: =SUM(品収!N3:N75) -> 510 | F5: =SUM(C5:D5) -> 112038 | G5: 700 | H5: 34 | I5: =F5/G5 -> 160.05429 | J5: =(C5/F5)*100 -> 58.612257 | K5: =(D5/F5)*100 -> 41.387743 | L5: =F5 / H5* 100 / 1000 -> 329.52353 | N5: 高設砂栽培 | O5: 250～350g/株
B6: 紅ほっぺ | C6: =SUM(品収!Q3:Q265) -> 181146 | D6: =SUM(品収!R3:R265) -> 111519 | E6: =SUM(品収!S3:S265) -> 1231 | F6: =SUM(C6:D6) -> 292665 | G6: =G7-(G3+G4+G5) -> 1830 | H6: =202-H3-H4-H5 -> 134.2 | I6: =F6/G6 -> 159.92623 | J6: =(C6/F6)*100 -> 61.895341 | K6: =(D6/F6)*100 -> 38.104659 | L6: =F6 / H6* 100 / 1000 -> 218.08122 | N6: 土耕栽培 | O6: 150～250g/株
B7: 合計 | C7: =SUM(C3:C6) -> 334123 | D7: =SUM(D3:D6) -> 217554 | E7: =SUM(E3:E6) -> 2370 | F7: =SUM(F3:F6) -> 551677 | G7: 3250 | H7: =SUM(H3:H6) -> 202 | N7: 備考
B8: 平均 | C8: =AVERAGE(C3:C6) -> 83530.75 | D8: =AVERAGE(D3:D6) -> 54388.5 | E8: =AVERAGE(E3:E6) -> 592.5 | F8: =AVERAGE(F3:F6) -> 137919.25 | G8: =AVERAGE(G3:G6) -> 812.5 | H8: =AVERAGE(H3:H6) -> 50.5 | I8: =AVERAGE(I3:I6) -> 182.06041 | J8: =AVERAGE(J3:J6) -> 60.522569 | ... L8: =AVERAGE(L3:L6) -> 354.10893 | N8: 管理が行き届けば400g以上も可能
B9: 中央値 | C9: =MEDIAN(C3:C6) -> 55408.5 | D9: =MEDIAN(D3:D6) -> 43552.5 | E9: =MEDIAN(E3:E6) -> 416.5 | F9: =MEDIAN(F3:F6) -> 98961 | G9: =MEDIAN(G3:G6) -> 530 | H9: =MEDIAN(H3:H6) -> 25.5 | I9: =MEDIAN(I3:I6) -> 164.87437 | J9: =MEDIAN(J3:J6) -> 60.253799 | ... L9: =MEDIAN(L3:L6) -> 346.57724 | N9: 路地では150g前後になることも多い
A10: 偏差 | B10: かおり野 | C10: =C3-83530 -> -41370 | D10: =D3-54338 -> -35408 | E10: =E3-592 -> -269 | F10: =F3-551677 -> -490587
B11: よつぼし | C11: =C4-83530 -> -38381 | D11: =D4-54338 -> -13603 | E11: =E4-592 -> -286 | F11: =F4-551677 -> -465793
B12: やよいひめ | C12: =C5-83530 -> -17862 | D12: =D5-54338 -> -7968 | E12: =E5-592 -> -82 | F12: =F5-551677 -> -439639
B13: 紅ほっぺ | C13: =C6-83530 -> 97616 | D13: =D6-54338 -> 57181 | E13: =E6-592 -> 639 | F13: =F6-551677 -> -259012
B14: 分散 | C14: {=SUM(C10:C13*C10:C13)/COUNT(C10:C13)} -> 3.2581281e+09 | D14: {=SUM(D10:D13*D10:D13)/COUNT(D10:D13)} -> 1.192981e+09 | E14: {=SUM(E10:E13*E10:E13)/COUNT(E10:E13)} -> 142300.5 | F14: {=SUM(F10:F13*F10:F13)/COUNT(F10:F13)} -> 1.795021e+11
B15: 標準偏差 | C15: =SQRT(C14) -> 57080.015 | D15: =SQRT(D14) -> 34539.557 | E15: =SQRT(E14) -> 377.22739 | F15: =SQRT(F14) -> 423676.88
B21: 品種名 | C21: 正規品（kｇ） | D21: 加工用（kｇ） | E21: パック数 | F21: 収穫量（kｇ） | G21: 株数 | H21: 面積（㎡） | I21: 1株収量（ｇ） | J21: 歩留まり（％）
B22: かおり野 | C22: 42.16 | D22: 18.93 | E22: 323 | F22: 61.09 | G22: 360 | H22: 16.8 | I22: 169.69444 | J22: 69.012932
B23: よつぼし | C23: 45.15 | D23: 40.74 | E23: 306 | F23: 85.88 | G23: 360 | H23: 17 | I23: 238.56667 | J23: 52.569745
B24: やよいひめ | C24: 65.67 | D24: 46.73 | E24: 510 | F24: 112.04 | G24: 700 | H24: 34 | I24: 160.05429 | J24: 58.612257
B25: 紅ほっぺ | C25: 181.15 | D25: 111.52 | E25: 1231 | F25: 292.67 | G25: 1830 | H25: 134.2 | I25: 159.92623 | J25: 61.895341
B26: 平均 | C26: 83.53 | D26: 54.39 | E26: 592.5 | F26: 137.92 | G26: 812.5 | H26: 50.5 | I26: 182.06041 | J26: 60.522569
B27: 中央値 | C27: 55.41 | D27: 43.55 | E27: 416.5 | F27: 98.96 | G27: 530 | H27: 25.5 | I27: 164.87437 | J27: 60.253799

Sheet Sheet1
A1: 品種名 | B1: 正規品（kｇ） | C1: 収穫量（kｇ） | D1: 1株収量（ｇ） | E1: 歩留まり（％） | F1: パック数 | G1: 株数 | I1: 品種名/正規品（ｇ） | N1: 品種名/加工品（ｇ） | S1: 品種名/パック数 | X1: 品種名/収量
A2: かおり野 | B2: 42.16 | C2: 61.09 | D2: 169.69444 | E2: 69.012932 | F2: 323 | G2: 360 | I2: かおり野 | J2: よつぼし | K2: やよいひめ | L2: 紅ほっぺ | N2: かおり野 | O2: よつぼし | P2: やよいひめ | Q2: 紅ほっぺ | S2: かおり野 | T2: よつぼし | U2: やよいひめ | V2: 紅ほっぺ | X2: かおり野 | Y2: よつぼし | Z2: やよいひめ | AA2: 紅ほっぺ
A3: よつぼし | B3: 45.15 | C3: 85.88 | D3: 238.56667 | E3: 52.569745 | F3: 306 | G3: 360 | I3: 240 | J3: 46 | K3: 800 | L3: 100 | N3: 0 | O3: 0 | P3: 0 | Q3: 0 | S3: 3 | T3: 0 | U3: 7 | V3: 0 | X3: =(I3+N3) -> 240 | Y3: =(J3+O3) -> 46 | Z3: =(K3+P3) -> 800 | AA3: =(L3+Q3) -> 100
A4: やよいひめ | B4: 65.67 | C4: 112.04 | D4: 160.05429 | E4: 58.612257 | F4: 510 | G4: 700 | I4: 1510 | J4: 0 | K4: 300 | L4: 100 | N4: 0 | O4: 200 | P4: 0 | Q4: 0 | S4: 12 | T4: 0 | U4: 1 | V4: 1 | X4: =(I4+N4) -> 1510 | Y4: =(J4+O4) -> 200 | Z4: =(K4+P4) -> 300 | AA4: =(L4+Q4) -> 100
A5: 紅ほっぺ | B5: 181.15 | C5: 292.67 | D5: 159.92623 | E5: 61.895341 | F5: 1231 | G5: 1830 | I5: 120 | J5: 240 | K5: 440 | L5: 46 | N5: 0 | O5: 0 | P5: 1240 | Q5: 0 | S5: 0 | T5: 0 | U5: 3 | V5: 0 | X5: =(I5+N5) -> 120 | Y5: =(J5+O5) -> 240 | Z5: =(K5+P5) -> 1680 | AA5: =(L5+Q5) -> 46
A6: 平均 | B6: 83.53 | C6: 137.92 | D6: 182.06041 | E6: 60.522569 | F6: 592.5 | G6: 812.5 | I6: 3340 | J6: 440 | K6: 220 | L6: 130 | N6: 0 | O6: 0 | P6: 300 | Q6: 0 | S6: 32 | T6: 4 | U6: 2 | V6: 0 | X6: =(I6+N6) -> 3340 | Y6: =(J6+O6) -> 440 | Z6: =(K6+P6) -> 520 | AA6: =(L6+Q6) -> 130
A7: 中央値 | B7: 55.41 | C7: 98.96 | D7: 164.87437 | E7: 60.253799 | F7: 416.5 | G7: 530 | I7: 240 | J7: 220 | K7: 1820 | L7: 100 | N7: 0 | O7: 0 | P7: 158 | Q7: 0 | S7: 0 | T7: 0 | U7: 15 | V7: 0 | X7: =(I7+N7) -> 240 | Y7: =(J7+O7) -> 220 | Z7: =(K7+P7) -> 1978 | AA7: =(L7+Q7) -> 100
I8: 5140 | J8: 960 | K8: 260 | L8: 320 | N8: 0 | O8: 560 | P8: 110 | Q8: 0 | S8: 31 | T8: 8 | U8: 1 | V8: 3 | X8: =(I8+N8) -> 5140 | Y8: =(J8+O8) -> 1520 | Z8: =(K8+P8) -> 370 | AA8: =(L8+Q8) -> 320
I9: 480 | J9: 500 | K9: 180 | L9: 260 | N9: 0 | O9: 0 | P9: 60 | Q9: 0 | S9: 0 | T9: 0 | U9: 1 | V9: 0 | X9: =(I9+N9) -> 480 | Y9: =(J9+O9) -> 500 | Z9: =(K9+P9) -> 240 | AA9: =(L9+Q9) -> 260
I10: 840 | J10: 160 | K10: 1680 | L10: 195 | N10: 0 | O10: 800 | P10: 1540 | Q10: 0 | S10: 0 | T10: 0 | U10: 12 | V10: 0 | X10: =(I10+N10) -> 840 | Y10: =(J10+O10) -> 960 | Z10: =(K10+P10) -> 3220 | AA10: =(L10+Q10) -> 195
I11: 1600 | J11: 880 | K11: 868 | L11: 170 | N11: 500 | O11: 0 | P11: 712 | Q11: 0 | S11: 15 | T11: 6 | U11: 7 | V11: 0 | X11: =(I11+N11) -> 2100 | Y11: =(J11+O11) -> 880 | Z11: =(K11+P11) -> 1580 | AA11: =(L11+Q11) -> 170
I12: 300 | J12: 1240 | K12: 120 | L12: 320 | N12: 0 | O12: 0 | P12: 60 | Q12: 0 | S12: 0 | T12: 10 | U12: 1 | V12: 0 | X12: =(I12+N12) -> 300 | Y12: =(J12+O12) -> 1240 | Z12: =(K12+P12) -> 180 | AA12: =(L12+Q12) -> 320
I13: 4700 | J13: 500 | K13: 1200 | L13: 200 | N13: 0 | O13: 0 | P13: 1640 | Q13: 0 | S13: 42 | T13: 2 | U13: 11 | V13: 0 | X13: =(I13+N13) -> 4700 | Y13: =(J13+O13) -> 500 | Z13: =(K13+P13) -> 2840 | AA13: =(L13+Q13) -> 200
I14: 220 | J14: 1880 | K14: 1370 | L14: 540 | N14: 0 | O14: 2480 | P14: 1430 | Q14: 0 | S14: 1 | T14: 10 | U14: 11 | V14: 3 | X14: =(I14+N14) -> 220 | Y14: =(J14+O14) -> 4360 | Z14: =(K14+P14) -> 2800 | AA14: =(L14+Q14) -> 540
I15: 1460 | J15: 210 | K15: 0 | L15: 80 | N15: 0 | O15: 330 | P15: 0 | Q15: 0 | S15: 12 | T15: 2 | U15: 0 | V15: 0 | X15: =(I15+N15) -> 1460 | Y15: =(J15+O15) -> 540 | Z15: =(K15+P15) -> 0 | AA15: =(L15+Q15) -> 80
I16: 520 | J16: 2036 | K16: 1060 | L16: 260 | N16: 0 | O16: 435 | P16: 2560 | Q16: 0 | S16: 2 | T16: 15 | U16: 8 | V16: 0 | X16: =(I16+N16) -> 520 | Y16: =(J16+O16) -> 2471 | Z16: =(K16+P16) -> 3620 | AA16: =(L16+Q16) -> 260
I17: 820 | J17: 220 | K17: 1160 | L17: 120 | N17: 822 | O17: 120 | P17: 1600 | Q17: 0 | S17: 8 | T17: 1 | U17: 9 | V17: 0 | X17: =(I17+N17) -> 1642 | Y17: =(J17+O17) -> 340 | Z17: =(K17+P17) -> 2760 | AA17: =(L17+Q17) -> 120
I18: 128 | J18: 1990 | K18: 0 | L18: 120 | N18: 282 | O18: 1250 | P18: 0 | Q18: 0 | S18: 1 | T18: 17 | U18: 0 | V18: 0 | X18: =(I18+N18) -> 410 | Y18: =(J18+O18) -> 3240 | Z18: =(K18+P18) -> 0 | AA18: =(L18+Q18) -> 120
I19: 1880 | J19: 260 | K19: 600 | L19: 80 | N19: 665 | O19: 60 | P19: 1760 | Q19: 0 | S19: 9 | T19: 1 | U19: 5 | V19: 0 | X19: =(I19+N19) -> 2545 | Y19: =(J19+O19) -> 320 | Z19: =(K19+P19) -> 2360 | AA19: =(L19+Q19) -> 80
... I54: 80 | J54: 1420 | K54: 600 | L54: 2840 | N54: 0 | O54: 0 | P54: 0 | Q54: 1020 | S54: 0 | T54: 2 | U54: 4 | V54: 26 | X54: =(I54+N54) -> 80 | Y54: =(J54+O54) -> 1420 | Z54: =(K54+P54) -> 600 | AA54: =(L54+Q54) -> 3860
K55: 200 | L55: 1620 | P55: 120 | Q55: 450 | U55: 2 | V55: 0 | X55: =(I55+N55) -> 0 | Y55: =(J55+O55) -> 0 | Z55: =(K55+P55) -> 320 | AA55: =(L55+Q55) -> 2070
K56: 340 | L56: 880 | P56: 220 | Q56: 94 | U56: 3 | V56: 7 | X56: =(I56+N56) -> 0 | Y56: =(J56+O56) -> 0 | Z56: =(K56+P56) -> 560 | AA56: =(L56+Q56) -> 974
K57: 3100 | L57: 1080 | P57: 510 | Q57: 430 | U57: 31 | V57: 5 | X57: =(I57+N57) -> 0 | Y57: =(J57+O57) -> 0 | Z57: =(K57+P57) -> 3610 | AA57: =(L57+Q57) -> 1510
K58: 1020 | L58: 1480 | P58: 0 | Q58: 0 | U58: 7 | V58: 12 | X58: =(I58+N58) -> 0 | Y58: =(J58+O58) -> 0 | Z58: =(K58+P58) -> 1020 | AA58: =(L58+Q58) -> 1480
K59: 1760 | L59: 810 | P59: 620 | Q59: 660 | U59: 15 | V59: 6 | X59: =(I59+N59) -> 0 | Y59: =(J59+O59) -> 0 | Z59: =(K59+P59) -> 2380 | AA59: =(L59+Q59) -> 1470
K60: 2960 | L60: 600 | P60: 360 | Q60: 90 | U60: 26 | V60: 5 | X60: =(I60+N60) -> 0 | Y60: =(J60+O60) -> 0 | Z60: =(K60+P60) -> 3320 | AA60: =(L60+Q60) -> 690
K61: 4170 | L61: 2500 | P61: 1400 | Q61: 760 | U61: 40 | V61: 16 | X61: =(I61+N61) -> 0 | Y61: =(J61+O61) -> 0 | Z61: =(K61+P61) -> 5570 | AA61: =(L61+Q61) -> 3260
K62: 100 | L62: 820 | P62: 200 | Q62: 747 | U62: 1 | V62: 8 | X62: =(I62+N62) -> 0 | Y62: =(J62+O62) -> 0 | Z62: =(K62+P62) -> 300 | AA62: =(L62+Q62) -> 1567
K63: 220 | L63: 0 | P63: 1120 | Q63: 0 | U63: 2 | V63: 0 | X63: =(I63+N63) -> 0 | Y63: =(J63+O63) -> 0 | Z63: =(K63+P63) -> 1340 | AA63: =(L63+Q63) -> 0
K64: 1010 | L64: 480 | P64: 450 | Q64: 100 | U64: 7 | V64: 3 | X64: =(I64+N64) -> 0 | Y64: =(J64+O64) -> 0 | Z64: =(K64+P64) -> 1460 | AA64: =(L64+Q64) -> 580
K65: 680 | L65: 460 | P65: 0 | Q65: 440 | U65: 5 | V65: 4 | X65: =(I65+N65) -> 0 | Y65: =(J65+O65) -> 0 | Z65: =(K65+P65) -> 680 | AA65: =(L65+Q65) -> 900
K66: 0 | L66: 1800 | P66: 800 | Q66: 0 | U66: 0 | V66: 8 | X66: =(I66+N66) -> 0 | Y66: =(J66+O66) -> 0 | Z66: =(K66+P66) -> 800 | AA66: =(L66+Q66) -> 1800
... K75: 80 | L75: 1960 | P75: 0 | Q75: 880 | U75: 0 | V75: 18 | X75: =(I75+N75) -> 0 | Y75: =(J75+O75) -> 0 | Z75: =(K75+P75) -> 80 | AA75: =(L75+Q75) -> 2840
L76: 114 | Q76: 366 | V76: 1 | X76: =(I76+N76) -> 0 | Y76: =(J76+O76) -> 0 | Z76: =(K76+P76) -> 0 | AA76: =(L76+Q76) -> 480
L77: 500 | Q77: 320 | V77: 0 | X77: =(I77+N77) -> 0 | Y77: =(J77+O77) -> 0 | Z77: =(K77+P77) -> 0 | AA77: =(L77+Q77) -> 820
L78: 420 | Q78: 260 | V78: 4 | X78: =(I78+N78) -> 0 | Y78: =(J78+O78) -> 0 | Z78: =(K78+P78) -> 0 | AA78: =(L78+Q78) -> 680
L79: 0 | Q79: 0 | V79: 0 | X79: =(I79+N79) -> 0 | Y79: =(J79+O79) -> 0 | Z79: =(K79+P79) -> 0 | AA79: =(L79+Q79) -> 0
L80: 2300 | Q80: 2707 | V80: 23 | X80: =(I80+N80) -> 0 | Y80: =(J80+O80) -> 0 | Z80: =(K80+P80) -> 0 | AA80: =(L80+Q80) -> 5007
L81: 1468 | Q81: 332 | V81: 12 | X81: =(I81+N81) -> 0 | Y81: =(J81+O81) -> 0 | Z81: =(K81+P81) -> 0 | AA81: =(L81+Q81) -> 1800
L82: 0 | Q82: 0 | V82: 0 | X82: =(I82+N82) -> 0 | Y82: =(J82+O82) -> 0 | Z82: =(K82+P82) -> 0 | AA82: =(L82+Q82) -> 0
L83: 3480 | Q83: 460 | V83: 32 | X83: =(I83+N83) -> 0 | Y83: =(J83+O83) -> 0 | Z83: =(K83+P83) -> 0 | AA83: =(L83+Q83) -> 3940
L84: 320 | Q84: 180 | V84: 3 | X84: =(I84+N84) -> 0 | Y84: =(J84+O84) -> 0 | Z84: =(K84+P84) -> 0 | AA84: =(L84+Q84) -> 500
L85: 220 | Q85: 180 | V85: 2 | X85: =(I85+N85) -> 0 | Y85: =(J85+O85) -> 0 | Z85: =(K85+P85) -> 0 | AA85: =(L85+Q85) -> 400
L86: 520 | Q86: 120 | V86: 5 | X86: =(I86+N86) -> 0 | Y86: =(J86+O86) -> 0 | Z86: =(K86+P86) -> 0 | AA86: =(L86+Q86) -> 640
L87: 850 | Q87: 230 | V87: 4 | X87: =(I87+N87) -> 0 | Y87: =(J87+O87) -> 0 | Z87: =(K87+P87) -> 0 | AA87: =(L87+Q87) -> 1080
... L265: 3360 | Q265: 0 | V265: 0 | X265: =(I265+N265) -> 0 | Y265: =(J265+O265) -> 0 | Z265: =(K265+P265) -> 0 | AA265: =(L265+Q265) -> 3360

Sheet 品収
A1: 期間１０月２５日～６月１１日
A2: 品種名 | B2: 収量（ｇ） | C2: 加工用（ｇ） | D2: パック数 | F2: 品種名 | G2: 収量（ｇ） | H2: 加工用（ｇ） | I2: パック数 | K2: 品種名 | L2: 収量（ｇ） | M2: 加工用（ｇ） | N2: パック数 | P2: 品種名 | Q2: 収量（ｇ） | R2: 加工用（ｇ） | S2: パック数 | V2: FILTER(E4:H447,ISNUMBER(SEARCH("かおり",E4:E447)))
A3: {=_xlfn._xlws.FILTER(元!E4:H447,ISNUMBER(SEARCH("かおり",元!E4:E447)))} -> かおり野 | B3: 240 | C3: 0 | D3: 3 | F3: {=_xlfn._xlws.FILTER(元!E4:H447,ISNUMBER(SEARCH("よつぼし",元!E4:E447)))} -> よつぼし | G3: 46 | H3: 0 | I3: 0 | K3: {=_xlfn._xlws.FILTER(元!E4:H447,ISNUMBER(SEARCH("やよい",元!E4:E447)))} -> やよい姫 | L3: 800 | M3: 0 | N3: 7 | P3: {=_xlfn._xlws.FILTER(元!E4:H447, (ISNUMBER(SEARCH("紅",元!E4:E447))) + (ISNUMBER(SEARCH("無",元!E4:E447 ))) )} -> 紅ほっぺ（断） | Q3: 100 | R3: 0 | S3: 0 | V3: FILTER(元データ!D4:H447, 元データ!D4:D447="ケイアイ")
A4: かおり野 | B4: 1510 | C4: 0 | D4: 12 | F4: よつぼし | G4: 0 | H4: 200 | I4: 0 | K4: やよい姫 | L4: 300 | M4: 0 | N4: 1 | P4: 紅ほっぺ(断） | Q4: 100 | R4: 0 | S4: 1 | V4: FILTER(D4:H447, (ISNUMBER(SEARCH("マルテー", F4:F447))) + (ISNUMBER(SEARCH("ホシ", F4:F447))) )
A5: かおり野 | B5: 120 | C5: 0 | D5: 0 | F5: よつぼし | G5: 240 | H5: 0 | I5: 0 | K5: やよい姫 | L5: 440 | M5: 1240 | N5: 3 | P5: 紅ほっぺ（断） | Q5: 46 | R5: 0 | S5: 0
A6: かおり野 | B6: 3340 | C6: 0 | D6: 32 | F6: よつぼし | G6: 440 | H6: 0 | I6: 4 | K6: やよい姫 | L6: 220 | M6: 300 | N6: 2 | P6: 紅ほっぺ（断） | Q6: 130 | R6: 0 | S6: 0
A7: かおり野 | B7: 240 | C7: 0 | D7: 0 | F7: よつぼし | G7: 220 | H7: 0 | I7: 0 | K7: やよいひめ | L7: 1820 | M7: 158 | N7: 15 | P7: 紅ほっぺ（断） | Q7: 100 | R7: 0 | S7: 0
A8: かおり野 | B8: 5140 | C8: 0 | D8: 31 | F8: よつぼし | G8: 960 | H8: 560 | I8: 8 | K8: やよいひめ | L8: 260 | M8: 110 | N8: 1 | P8: 紅ほっぺ（断） | Q8: 320 | R8: 0 | S8: 3
A9: かおり野 | B9: 480 | C9: 0 | D9: 0 | F9: よつぼし | G9: 500 | H9: 0 | I9: 0 | K9: やよいひめ | L9: 180 | M9: 60 | N9: 1 | P9: 紅ほっぺ（断） | Q9: 260 | R9: 0 | S9: 0
A10: かおり野 | B10: 840 | C10: 0 | D10: 0 | F10: よつぼし | G10: 160 | H10: 800 | I10: 0 | K10: やよいひめ | L10: 1680 | M10: 1540 | N10: 12 | P10: 紅ほっぺ（断） | Q10: 195 | R10: 0 | S10: 0
A11: かおり野 | B11: 1600 | C11: 500 | D11: 15 | F11: よつぼし | G11: 880 | H11: 0 | I11: 6 | K11: やよいひめ | L11: 868 | M11: 712 | N11: 7 | P11: 紅ほっぺ（断） | Q11: 170 | R11: 0 | S11: 0
A12: かおり野 | B12: 300 | C12: 0 | D12: 0 | F12: よつぼし | G12: 1240 | H12: 0 | I12: 10 | K12: やよいひめ | L12: 120 | M12: 60 | N12: 1 | P12: 紅ほっぺ（断） | Q12: 320 | R12: 0 | S12: 0
A13: かおり野 | B13: 4700 | C13: 0 | D13: 42 | F13: よつぼし | G13: 500 | H13: 0 | I13: 2 | K13: やよいひめ | L13: 1200 | M13: 1640 | N13: 11 | P13: 紅ほっぺ（断） | Q13: 200 | R13: 0 | S13: 0
A14: かおり野 | B14: 220 | C14: 0 | D14: 1 | F14: よつぼし | G14: 1880 | H14: 2480 | I14: 10 | K14: やよいひめ | L14: 1370 | M14: 1430 | N14: 11 | P14: 紅ほっぺ（断） | Q14: 540 | R14: 0 | S14: 3
A15: かおり野 | B15: 1460 | C15: 0 | D15: 12 | F15: よつぼし | G15: 210 | H15: 330 | I15: 2 | K15: やよいひめ | L15: 0 | M15: 0 | N15: 0 | P15: 紅ほっぺ | Q15: 80 | R15: 0 | S15: 0
A16: かおり野 | B16: 520 | C16: 0 | D16: 2 | F16: よつぼし | G16: 2036 | H16: 435 | I16: 15 | K16: やよいひめ | L16: 1060 | M16: 2560 | N16: 8 | P16: 紅ほっぺ（断） | Q16: 260 | R16: 0 | S16: 0
... A54: かおりの | B54: 80 | C54: 0 | D54: 0 | F54: よつぼし | G54: 1420 | H54: 0 | I54: 2 | K54: やよいひめ | L54: 600 | M54: 0 | N54: 4 | P54: 紅ほっぺ（無） | Q54: 2840 | R54: 1020 | S54: 26
K55: やよいひめ | L55: 200 | M55: 120 | N55: 2 | P55: 紅ほっぺ | Q55: 1620 | R55: 450 | S55: 0
K56: やよいひめ | L56: 340 | M56: 220 | N56: 3 | P56: 紅ほっぺ | Q56: 880 | R56: 94 | S56: 7
K57: やよいひめ | L57: 3100 | M57: 510 | N57: 31 | P57: 紅ほっぺ | Q57: 1080 | R57: 430 | S57: 5
K58: やよいひめ | L58: 1020 | M58: 0 | N58: 7 | P58: 紅ほっぺ | Q58: 1480 | R58: 0 | S58: 12
K59: やよいひめ | L59: 1760 | M59: 620 | N59: 15 | P59: 紅ほっぺ（無） | Q59: 810 | R59: 660 | S59: 6
K60: やよいひめ | L60: 2960 | M60: 360 | N60: 26 | P60: 紅ほっぺ | Q60: 600 | R60: 90 | S60: 5
K61: やよいひめ | L61: 4170 | M61: 1400 | N61: 40 | P61: 紅ほっぺ | Q61: 2500 | R61: 760 | S61: 16
K62: やよいひめ | L62: 100 | M62: 200 | N62: 1 | P62: 紅ほっぺ | Q62: 820 | R62: 747 | S62: 8
K63: やよいひめ | L63: 220 | M63: 1120 | N63: 2 | P63: 紅ほっぺ | Q63: 0 | R63: 0 | S63: 0
K64: やよいひめ | L64: 1010 | M64: 450 | N64: 7 | P64: 紅ほっぺ（無） | Q64: 480 | R64: 100 | S64: 3
K65: やよいひめ | L65: 680 | M65: 0 | N65: 5 | P65: 紅ほっぺ（無） | Q65: 460 | R65: 440 | S65: 4
K66: やよいひめ | L66: 0 | M66: 800 | N66: 0 | P66: 紅ほっぺ（無） | Q66: 1800 | R66: 0 | S66: 8
... K75: やよいひめ | L75: 80 | M75: 0 | N75: 0 | P75: 紅ほっぺ | Q75: 1960 | R75: 880 | S75: 18
P76: 紅ほっぺ | Q76: 114 | R76: 366 | S76: 1
P77: 紅ほっぺ | Q77: 500 | R77: 320 | S77: 0
P78: 紅ほっぺ（無） | Q78: 420 | R78: 260 | S78: 4
P79: 紅ほっぺ（無） | Q79: 0 | R79: 0 | S79: 0
P80: 紅ほっぺ（無） | Q80: 2300 | R80: 2707 | S80: 23
P81: 紅ほっぺ（無） | Q81: 1468 | R81: 332 | S81: 12
P82: 紅ほっぺ | Q82: 0 | R82: 0 | S82: 0
P83: 紅ほっぺ（無） | Q83: 3480 | R83: 460 | S83: 32
P84: 紅ほっぺ | Q84: 320 | R84: 180 | S84: 3
P85: 紅ほっぺ | Q85: 220 | R85: 180 | S85: 2
P86: 紅ほっぺ | Q86: 520 | R86: 120 | S86: 5
P87: 紅ほっぺ（無） | Q87: 850 | R87: 230 | S87: 4
... P265: 無 | Q265: 3360 | R265: 0 | S265: 0

Sheet 元
C1: 断＝窒素断 | D1: 無＝無仮植え | J1: FILTER(E4:H447,ISNUMBER(SEARCH("かおり",E4:E447)))
J2: FILTER(元データ!D4:H447, 元データ!D4:D447="ケイアイ")
B3: 月日 | C3: ハウス棟 | D3: 企業名 | E3: 品種名 | F3: 収量（ｇ） | G3: 加工用（ｇ） | H3: パック数 | J3: FILTER(D4:H447, (ISNUMBER(SEARCH("マルテー", F4:F447))) + (ISNUMBER(SEARCH("ホシ", F4:F447))) )
B4: 45955 | C4: 実験棟 | D4: マルテー | E4: 紅ほっぺ（断） | F4: 100 | G4: 0 | H4: 0
B5: 45961 | C5: B棟 | D5: 三和 | E5: 紅ほっぺ(断） | F5: 100 | G5: 0 | H5: 1
B6: 45966 | C6: B棟 | D6: 三和 | E6: 紅ほっぺ（断） | F6: 46 | G6: 0 | H6: 0
B7: 45967 | C7: 実験棟 | D7: マルテー | E7: 紅ほっぺ（断） | F7: 130 | G7: 0 | H7: 0
B8: 45967 | C8: E棟 | D8: マルテー | E8: 紅ほっぺ（断） | F8: 100 | G8: 0 | H8: 0
B9: 45975 | C9: 実験棟 | D9: マルテー | E9: 紅ほっぺ（断） | F9: 320 | G9: 0 | H9: 3
B10: 45975 | C10: E棟 | D10: マルテー | E10: 紅ほっぺ（断） | F10: 260 | G10: 0 | H10: 0
B11: 45983 | C11: B棟棟 | D11: QB | E11: 紅ほっぺ（断） | F11: 195 | G11: 0 | H11: 0
B12: 45986 | C12: A棟 | D12: 東レ | E12: 紅ほっぺ（断） | F12: 170 | G12: 0 | H12: 0
B13: 45989 | C13: B棟 | D13: Adobe | E13: かおり野 | F13: 240 | G13: 0 | H13: 3
B14: 45989 | C14: 実験棟 | D14: マルテー | E14: 紅ほっぺ（断） | F14: 320 | G14: 0 | H14: 0
B15: 45996 | C15: B棟 | D15: Adobe | E15: かおり野 | F15: 1510 | G15: 0 | H15: 12
... B38: 46017 | C38: 実験棟 | D38: マルテー | E38: 紅ほっぺ（断） | F38: 120 | G38: 0 | H38: 0
B39: 46017 | D39: マルテー | E39: かおり野 | F39: 300 | G39: 0 | H39: 0
B40: 46017 | D40: マルテー | E40: よつぼし | F40: 500 | G40: 0 | H40: 0
B41: 45665 | C41: B棟 | D41: QB | E41: 紅ほっぺ（断） | F41: 320 | G41: 0 | H41: 0
B42: 45665 | D42: NaITO | E42: 紅ほっぺ（断） | F42: 60 | G42: 0 | H42: 0
B43: 45665 | D43: ソリトン | E43: 紅ほっぺ | F43: 960 | G43: 0 | H43: 5
B44: 45665 | D44: 三和 | E44: 紅ほっぺ（断） | F44: 240 | G44: 0 | H44: 0
B45: 45666 | C45: A棟 | D45: 東レ | E45: 紅ほっぺ | F45: 3940 | G45: 0 | H45: 28
B46: 45666 | C46: B棟 | D46: 東レ | E46: よつぼし | F46: 160 | G46: 800 | H46: 0
B47: 45666 | D47: 昭和女子 | E47: 紅ほっぺ | F47: 340 | G47: 0 | H47: 0
B48: 45666 | D48: QB | E48: 紅ほっぺ（断） | F48: 100 | G48: 0 | H48: 0
B49: 45666 | D49: バリュ | E49: 紅ほっぺ | F49: 1140 | G49: 0 | H49: 0
B50: 45666 | D50: Adobe | E50: かおり野 | F50: 4700 | G50: 0 | H50: 42
B51: 45666 | C51: 実験棟 | D51: マルテー | E51: 紅ほっぺ（断） | F51: 1120 | G51: 0 | H51: 10
B52: 45666 | D52: マルテー | E52: よつぼし | F52: 880 | G52: 0 | H52: 6
B53: 45666 | D53: マルテー | E53: かおり野 | F53: 220 | G53: 0 | H53: 1
B54: 45672 | C54: B棟 | D54: 昭和女子 | E54: 紅ほっぺ | F54: 600 | G54: 0 | H54: 5
B55: 45672 | D55: QB | E55: 紅ほっぺ（断） | F55: 300 | G55: 0 | H55: 1
B56: 45672 | D56: ソリトン | E56: 紅ほっぺ | F56: 980 | G56: 0 | H56: 8
B57: 45672 | D57: 岡部 | E57: 紅ほっぺ | F57: 500 | G57: 0 | H57: 3
B58: 45672 | D58: 三和 | E58: 紅ほっぺ（断） | F58: 380 | G58: 0 | H58: 2
B59: 45672 | D59: NaITO | E59: 紅ほっぺ（断） | F59: 1480 | G59: 0 | H59: 13
B60: 45672 | D60: ケイアイ | E60: 紅ほっぺ | F60: 1500 | G60: 0 | H60: 13
B61: 45672 | D61: 日建 | E61: 紅ほっぺ（断） | F61: 420 | G61: 0 | H61: 3
B62: 45672 | D62: 富士機械 | E62: やよい姫 | F62: 800 | G62: 0 | H62: 7
B63: 45672 | D63: バリュ | E63: 紅ほっぺ | F63: 1320 | G63: 0 | H63: 11
B64: 45672 | D64: Adobe | E64: かおり野 | F64: 1460 | G64: 0 | H64: 12
B65: 45672 | D65: 東レ | E65: よつぼし | F65: 1240 | G65: 0 | H65: 10
B66: 45672 | C66: A棟 | D66: 東レ | E66: 紅ほっぺ | F66: 820 | G66: 0 | H66: 7
B67: 45672 | C67: 実験棟 | D67: マルテー | E67: 紅ほっぺ（断） | F67: 2300 | G67: 0 | H67: 21
B68: 45672 | D68: マルテー | E68: よつぼし | F68: 500 | G68: 0 | H68: 2
B69: 45672 | D69: マルテー | E69: かおり野 | F69: 520 | G69: 0 | H69: 2
B70: 45672 | D70: マルテー | E70: やよい姫 | F70: 300 | G70: 0 | H70: 1
B71: 45679 | D71: 岡部 | E71: 紅ほっぺ | F71: 740 | G71: 0 | H71: 6
B72: 45679 | D72: Adobe | E72: かおり野 | F72: 820 | G72: 822 | H72: 8
B73: 45679 | D73: バリュ | E73: 紅ほっぺ | F73: 886 | G73: 654 | H73: 8
B74: 45679 | D74: ソリトン | E74: 紅ほっぺ | F74: 880 | G74: 208 | H74: 7
B75: 45679 | D75: NaITO | E75: 紅ほっぺ（無） | F75: 950 | G75: 130 | H75: 8
B76: 45679 | D76: 慈誠会 | E76: 紅ほっぺ | F76: 1080 | G76: 740 | H76: 9
B77: 45679 | D77: ケイアイ | E77: 紅ほっぺ | F77: 2732 | G77: 321 | H77: 22
B78: 45679 | D78: 昭和 | E78: 紅ほっぺ | F78: 840 | G78: 147 | H78: 6
B79: 45679 | D79: 富士機材 | E79: やよい姫 | F79: 440 | G79: 1240 | H79: 3
B80: 45679 | D80: 三和 | F80: 0 | G80: 0 | H80: 0
B81: 45679 | D81: QB | E81: 紅ほっぺ（無） | F81: 380 | G81: 180 | H81: 3
B82: 45679 | D82: 東レ | E82: よつぼし | F82: 1880 | G82: 2480 | H82: 10
B83: 45679 | D83: 日建 | E83: 紅ほっぺ（無） | F83: 840 | G83: 80 | H83: 5
B84: 45679 | C84: A | D84: 東レ | E84: 紅ほっぺ（無） | F84: 1240 | G84: 420 | H84: 8
B85: 45679 | C85: 実験棟 | D85: マルテー | E85: 紅ほっぺ（無） | F85: 1840 | G85: 0 | H85: 17
B86: 45679 | D86: マルテー | E86: かおり野 | F86: 128 | G86: 282 | H86: 1
B87: 45679 | D87: マルテー | E87: よつぼし | F87: 210 | G87: 330 | H87: 2
B88: 45679 | D88: マルテー | E88: やよい姫 | F88: 220 | G88: 300 | H88: 2
B89: 45679 | C89: E | D89: マルテー | E89: 紅ほっぺ（無） | F89: 2840 | G89: 1020 | H89: 26
B90: 45679 | D90: 日建 | E90: 紅ほっぺ | F90: 1620 | G90: 450 | H90: 0
B91: 45684 | D91: 岡部 | E91: 紅ほっぺ | F91: 880 | G91: 94 | H91: 7
B92: 45684 | D92: Adobe | E92: かおり野 | F92: 1880 | G92: 665 | H92: 9
B93: 45684 | D93: バリュ | E93: 紅ほっぺ | F93: 1080 | G93: 430 | H93: 5
B94: 45684 | D94: ソリトン | E94: 紅ほっぺ | F94: 1480 | G94: 0 | H94: 12
B95: 45684 | D95: 富士機械 | E95: やよいひめ | F95: 1820 | G95: 158 | H95: 15
B96: 45684 | D96: NaITO | E96: 紅ほっぺ（無） | F96: 810 | G96: 660 | H96: 6
B97: 45684 | D97: 慈誠会 | E97: 紅ほっぺ | F97: 600 | G97: 90 | H97: 5
B98: 45684 | D98: ケイアイ | E98: 紅ほっぺ | F98: 2500 | G98: 760 | H98: 16
B99: 45684 | D99: 昭和 | E99: 紅ほっぺ | F99: 820 | G99: 747 | H99: 8
B100: 45684 | D100: 富士機材 | E100: やよいひめ | F100: 260 | G100: 110 | H100: 1
B101: 45684 | D101: 三和 | E101: 紅ほっぺ | F101: 0 | G101: 0 | H101: 0
... B359: 45784 | D359: 東レ | E359: よつぼし | F359: 5420 | G359: 500 | H359: 39
A360: ここまでが売り上げに関わる | B360: 45784 | D360: 東レ | E360: 無 | F360: 3060 | G360: 1580 | H360: 22
B361: 45792 | D361: 岡部 | E361: 紅ほっぺ | F361: 0 | G361: 120 | H361: 0
B362: 45792 | D362: Adobe | E362: かおり野 | F362: 1280 | G362: 4980 | H362: 11
B363: 45792 | D363: ソリトン | E363: 紅ほっぺ | F363: 750 | G363: 450 | H363: 7
B364: 45792 | D364: 富士機械 | E364: やよいひめ | F364: 1760 | G364: 620 | H364: 15
B365: 45792 | D365: NaITO | E365: 無 | F365: 900 | G365: 870 | H365: 7
B366: 45792 | D366: 慈誠会 | E366: 紅ほっぺ | F366: 350 | G366: 270 | H366: 2
B367: 45792 | D367: ケイアイ | E367: 紅ほっぺ | F367: 2100 | G367: 480 | H367: 19
B368: 45792 | D368: 昭和 | E368: 紅ほっぺ | F368: 170 | G368: 330 | H368: 2
B369: 45792 | D369: 富士機材 | E369: やよいひめ | F369: 2960 | G369: 360 | H369: 26
B370: 45792 | D370: QB | E370: 無 | F370: 360 | G370: 200 | H370: 2
B371: 45792 | D371: 東レ | E371: よつぼし | F371: 4290 | G371: 3330 | H371: 40
B372: 45792 | D372: 東レ | E372: 無 | F372: 3000 | G372: 2000 | H372: 28
... B425: 45807 | D425: バリュ | E425: やよいひめ | F425: 480 | G425: 0 | H425: 4
A426: 加工計量無し | C426: 45813 | D426: 岡部 | E426: 紅ほっぺ | F426: 500 | G426: 0 | H426: 15 | I426: 紅ほっぺ
D427: Adobe | E427: かおりの | F427: 740 | G427: 0 | H427: 1 | I427: やよいひめ | J427: 15
D428: ソリトン | E428: 紅ほっぺ | F428: 1120 | G428: 0 | H428: 0 | I428: かおりの | J428: 8
D429: Naito | E429: 無 | F429: 300 | G429: 0 | H429: 0 | J429: 1
D430: 慈誠会 | E430: 紅ほっぺ | F430: 1140 | G430: 0 | H430: 0
D431: ケイアイ | E431: 紅ほっぺ | F431: 1400 | G431: 0 | H431: 0
...

Sheet 企コ
A1: ✅【1】全体傾向と代表値の確認 | N1: 📊【1】分析の目的
A3: 指標 | B3: 平均（代表値） | C3: 中央値 | D3: 最大 | E3: 最小 | N3: このデータは、企業（栽培者）ごとの生産性・品質・品種ごとの収量特性などを比較できる形式です。以下を主に見ていきます：
A4: 正規品収量（g） | B4: 339,970（合計） | C4: 12480 | D4: 77893 | E4: 2616
A5: 加工用収量（g） | B5: 228,265（合計） | C5: 7843 | D5: 58668 | E5: 2509 | N5: 株あたり収量（生産性）
A6: パック数 | B6: 2,399（合計） | C6: 92 | D6: 478 | E6: 9
A7: 総収穫量（g） | B7: 568,235（合計） | C7: 18187 | D7: 136561 | E7: 5516 | N7: 歩留まり（正規品の比率＝品質）
A8: 1株あたり収量（g） | B8: - | C8: 147.85（中央値） | D8: 250.1 | E8: 68.95
A9: 歩留まり（%） | B9: - | C9: 0.6074 | D9: 74.38 | E9: 47.43 | N9: 加工比率（出荷ロスの程度）
A10: 加工比率（%） | B10: - | C10: 0.3926 | D10: 52.57 | E10: 25.62
A11: 10aあたり収量（kg） | B11: - | C11: 216.51kg | D11: 446.62 | E11: 65.67 | N11: 10aあたり収量（面積当たりの収量性）
A13: 🔎 読み取りポイント： | N13: 品種や企業ごとの傾向
A15: 正規品・加工用・収穫量すべてにおいてばらつきが大きく、標準偏差も高い（例：収穫量＝±38,347g）。 | N15: 統計的に見たパフォーマンス差（分散・標準偏差）
A17: 1株あたり収量の中央値147.85gは、砂栽培の目標（250～300g）より低く、理想値（400g～）からは大きく離れる。
A19: 歩留まりは60%前後が中央値。加工率は約40%。 | N19: 🧮【2】指標別の統計的読み取り
N21: ✅ ① 1株あたり収量（生産性）
A23: ✅【2】1株あたり収量（250g目標との比較） | N23: 統計量 | O23: 値
N24: 平均 | O24: 約 157.9g
A25: 企業 | B25: 品種 | C25: 1株収量（g） | D25: 評価（目標250g比） | N25: 中央値 | O25: 147.85g
A26: マルテー | B26: 4種 | C26: 250.1 | D26: ✅ 目標達成！ | N26: 最大値 | O26: 250.10g（マルテー）
A27: 東レ | B27: 紅ほ＋よつぼし | C27: 213.38 | D27: ◯ 優秀 | N27: 最小値 | O27: 68.95g（三和）
A28: NaITO | B28: 紅ほっぺ | C28: 217.98 | D28: ◯ 優秀 | N28: 標準偏差 | O28: 53.50g（ばらつき大）
A29: ソリトン | B29: 紅ほっぺ | C29: 227.34 | D29: ◯ 優秀
A30: 昭和女子 | B30: 紅ほっぺ | C30: 149.3 | D30: ❌ 不足（約100g差） | N30: 🔎 **マルテー（250.1g）**が最も生産性が高く、**三和（68.95g）**が最も低い。全体のばらつきが大きいため、統計的に有意な差があると判断可能。
A31: 日建 | B31: 紅ほっぺ | C31: 88.86 | D31: ❌ かなり低い
A32: 三和 | B32: 紅ほっぺ | C32: 68.95 | D32: ❌ 最低値
A34: 🔎 読み取りポイント： | N34: ✅ ② 歩留まり（正規品比率）
A36: マルテーが唯一250gを超えており、好記録に最も近い。 | N36: 統計量 | O36: 値
N37: 平均 | O37: 約 60.6%
A38: ソリトン、NaITO、東レなども目標に近く、管理が良好と考えられる。 | N38: 中央値 | O38: 0.6074
N39: 最大値 | O39: 74.38%（ケイアイ）
A40: 一方、多くの企業が200g未満であり、栽培管理・密度・環境に改善余地あり。 | N40: 最小値 | O40: 47.43%（三和）
N41: 標準偏差 | O41: 7.13%（中程度）
N43: 🔎 歩留まりの観点では、ケイアイが最も良質な果実を多く確保。三和や昭和女子などは半数近くが加工用であり、品質面の課題がある可能性あり。
A44: ✅【3】歩留まり（正規品率）と加工比率の評価
A46: 企業 | B46: 歩留まり（%） | C46: 評価 | D46: コメント
A47: ケイアイ | B47: 74.38 | C47: ◎ | D47: 非常に高品質 | N47: ✅ ③ 加工比率（ロス率）
A48: Adobe | B48: 69.01 | C48: ◎ | D48: 品質良好
A49: ソリトン | B49: 68.62 | C49: ◎ | D49: 加工用少なく優秀 | N49: 統計量 | O49: 値
A50: 日建 | B50: 64.71 | C50: ◯ | D50: 安定品質 | N50: 平均 | O50: 約 39.4%
A51: 東レ | B51: 57.04 | C51: △ | D51: 標準程度 | N51: 中央値 | O51: 0.3926
A52: 三和 | B52: 47.43 | C52: ❌ | D52: 加工率高め（52.57%） | N52: 最大値 | O52: 52.57%（三和）
A53: ケイアイ | B53: 加工率25.62% | C53: ◎ | D53: 加工用少ない（品質◎） | N53: 最小値 | O53: 25.62%（ケイアイ）
A55: 🔎 読み取りポイント： | N55: 🔎 加工比率と歩留まりは反比例しており、三和や日建などは歩留まりの改善が必要。
A57: ケイアイは歩留まりも加工比率も理想的（最も高品質と推定）。
A59: 三和、昭和女子などは加工比率が高く、品質に課題。 | N59: ✅ ④ 10aあたり収量（kg）
N61: 統計量 | O61: 値
N62: 平均 | O62: 約 253.8kg
A63: ✅【4】面積あたりの収量（10aあたり収量） | N63: 最大 | O63: 446.62kg（マルテー）
N64: 最小 | O64: 65.67kg（三和）
A65: 企業 | B65: 10aあたり収量（kg） | C65: 評価（効率） | N65: 標準偏差 | O65: 132.34kg（かなり大きい）
A66: マルテー | B66: 446.62 | C66: ◎ 非常に高効率
A67: NaITO | B67: 435.95 | C67: ◎ 高効率 | N67: 🔎 生産性（面積あたり）では、マルテー・NaITO・ケイアイが優秀。収量性を示す指標として、最も差が出ている。
A68: ケイアイ | B68: 422.42 | C68: ◎ 優秀
A69: 東レ | B69: 401.65 | C69: ◎ 基準以上
A70: 日建 | B70: 177.73 | C70: ❌ 非効率
A71: 三和 | B71: 65.67 | C71: ❌ 最低（低収量＋広い面積） | N71: 🧪【3】統計的視点からの読み取り（重要）
A73: 🔎 読み取りポイント： | N73: 項目 | O73: 傾向 | P73: 解釈
N74: 分散・標準偏差が高い | O74: 特に「収穫量」「1株あたり収量」など | P74: 企業間の差が統計的に有意であり、単純平均では実態を把握できない可能性がある
A75: マルテー、NaITO、ケイアイ、東レは面積あたりの生産性が非常に高い。 | N75: パフォーマンス上位 | O75: マルテー、ケイアイ、NaITO、富士機材 | P75: 収量・歩留まり両立型、継続育成対象
N76: 品質に課題 | O76: 三和、日建、昭和女子 | P76: 加工比率高め → 栽培・収穫時期の見直しを検討
A77: 三和・昭和女子は非効率な栽培と推定（面積は8.4㎡と広くないが収量が極端に低い）。 | N77: 品種混合データ | O77: 東レ、バリュなど | P77: 品種別の分離分析が必要（混合では差異が埋もれる）
N80: 📌【4】今後の対策・判断指針
A81: ✅【5】総合評価マトリクス（抜粋）
N82: 観点 | O82: 推奨対応
A83: 企業名 | B83: 株収量（g） | C83: 歩留まり | D83: 加工比率 | E83: 10a収量 | F83: 総合評価 | N83: 品種・企業選定 | O83: 歩留まりと収量の両立が取れている「マルテー」「ケイアイ」などは、成功モデルとして横展開検討
A84: マルテー | B84: 250.1 | C84: 0.5461 | D84: 0.4539 | E84: 446.62 | F84: ◎（高効率高収量） | N84: 技術支援 | O84: 「三和」「昭和女子」などは、栽培技術・収穫タイミング・品質改善指導が必要
A85: ケイアイ | B85: 147.85 | C85: 0.7438 | D85: 0.2562 | E85: 422.42 | F85: ◎（高品質） | N85: 品種の分離分析 | O85: 東レ・バリュなどのように複数品種をまとめている企業は、品種ごとの生産性を独立評価すべき
A86: 東レ | B86: 213.38 | C86: 0.5704 | D86: 0.4296 | E86: 401.65 | F86: ◯（バランス型） | N86: 高収量≠高品質 | O86: NaITOやケイアイのように、高収量でも歩留まりが低いケースもある。品種の熟期や潅水、栄養バランス見直しの余地あり
A87: NaITO | B87: 217.98 | C87: 0.5502 | D87: 0.4498 | E87: 435.95 | F87: ◯（収量多） | N87: 統計活用 | O87: 今後はTukey検定や回帰分析を含む統計解析の定期導入により、より科学的判断が可能
A88: 日建 | B88: 88.86 | C88: 0.6471 | D88: 0.3529 | E88: 177.73 | F88: ❌（低収量）
A89: 三和 | B89: 68.95 | C89: 0.4743 | D89: 0.5257 | E89: 65.67 | F89: ❌❌（全指標低）
A92: ✅【6】経営・実践への示唆
A94: 収量と品質のどちらを重視するかで企業戦略が異なる。
A96: **加工品向け販売が主な企業では「収量重視」、贈答・生食が中心なら「品質重視」**が最適。
A98: 管理改善により「両立」できる余地あり（例：マルテーや東レが近い）。
A102: ✅ 追加提案（必要なら対応可）
A104: グラフ（1株あたり収量・歩留まり比較・10a収量の棒グラフ等）
A106: 成績上位企業の条件を抽出して成功要因のモデリング
A108: 複数年データを取り入れた回帰分析やトレンド分析
A110: 栽培条件（施肥・潅水・温度）との因果関係推定（もしデータあれば）

Sheet 品コ
A1: ✅ 1. 1株あたり収量の比較と評価（栽培目安との比較） | N1: 🔍【1】データの再構成と計算
A3: 品種名 | B3: 1株あたり収量（g） | C3: 栽培方法 | D3: 目安（g/株） | E3: 評価 | N3: まず、**1株あたり収量（g）**を計算し、比較しやすくします。
A4: かおり野 | B4: 169.69 | C4: 高設砂栽培 | D4: 250～350 | E4: ❌ 目安を大きく下回る
A5: よつぼし | B5: 238.57 | C5: 高設砂栽培 | D5: 250～350 | E5: △ やや下回るが良好 | N5: 品種名 | O5: 収穫量（g） | P5: 株数 | Q5: 1株あたり収量（g）
A6: やよいひめ | B6: 160.05 | C6: 高設砂栽培 | D6: 250～350 | E6: ❌ 目安を大きく下回る | N6: かおり野 | O6: 61090 | P6: 360 | Q6: 169.69
A7: 紅ほっぺ | B7: 159.93 | C7: 土耕栽培 | D7: 150～250 | E7: ✅ 範囲内（やや下限） | N7: よつぼし | O7: 85884 | P7: 360 | Q7: 238.57
N8: やよいひめ | O8: 112038 | P8: 700 | Q8: 160.05
A9: 🔎 読み取りポイント： | N9: 紅ほっぺ | O9: 292665 | P9: 1830 | Q9: 159.93
A11: 高設砂栽培の「かおり野」「やよいひめ」は、目安をかなり下回っている → 栽培条件や管理、品種特性に課題がある可能性。
N12: 📊【2】分散分析（ANOVA）
A13: 「よつぼし」は目安に近い好成績。
N14: 目的：
A15: 「紅ほっぺ」は土耕栽培の基準内で適正。
N16: 「1株あたり収量」に品種間で統計的な差があるかを確認
N18: 結果（簡易的な計算によるANOVA）：
A19: ✅ 2. 品質の評価：歩留まり（正規品割合）と加工比率
N20: **群間のばらつき（SSB）**は大きくない（紅ほっぺ・やよいひめ・かおり野が似通っている）
A21: 品種名 | B21: 歩留まり（％） | C21: 加工比率（％） | D21: 評価
A22: かおり野 | B22: 69.01 | C22: 30.99 | D22: ◎ 最も高品質 | N22: よつぼしのみ明らかに収量が高く、分散の元になっている主な要因
A23: よつぼし | B23: 52.57 | C23: 47.43 | D23: ❌ 加工向け多め
A24: やよいひめ | B24: 58.61 | C24: 41.39 | D24: △ 中間程度 | N24: よって：
A25: 紅ほっぺ | B25: 61.9 | C25: 38.1 | D25: ◯ 標準的品質
N26: ✅ 「よつぼし」は他の品種より有意に1株あたり収量が高い可能性がある。
A27: 🔎 読み取りポイント：
A29: かおり野は高品質な果実が多く、歩留まりが非常に良い。
N30: 🧪【3】多重比較（Tukey's HSD法 近似）
A31: よつぼしは収量は多いが品質面ではやや劣る（加工品向けが多い）。
N32: Tukey法の代わりに概算で差を比較：
A33: 紅ほっぺ・やよいひめはその中間。
N34: 比較対象 | O34: 収量差（g） | P34: 差の特徴
N35: よつぼし − 紅ほっぺ | O35: 238.57 − 159.93 = +78.64g | P35: ✅ 有意差あり得る
N36: よつぼし − やよいひめ | O36: 238.57 − 160.05 = +78.52g | P36: ✅ 有意差あり得る
A37: ✅ 3. 10a（アール）あたり収量（kg）による面積効率の評価 | N37: よつぼし − かおり野 | O37: 238.57 − 169.69 = +68.88g | P37: ✅ 有意差あり得る
N38: やよいひめ − 紅ほっぺ | O38: 160.05 − 159.93 = 0.12g | P38: 差なし
A39: 品種名 | B39: 10aあたり収量（kg） | C39: 評価
A40: かおり野 | B40: 363.63 | C40: ◯ 高い | N40: → 「よつぼし」は明らかに他より収量が多い
A41: よつぼし | B41: 505.2 | C41: ◎ 非常に高い
A42: やよいひめ | B42: 329.52 | C42: △ 標準的
A43: 紅ほっぺ | B43: 218.08 | C43: ❌ 低め（栽培面積が広く非効率）
N44: 🔍【4】読み取れること（統計的な視点）
A45: 🔎 読み取りポイント：
N46: 分析視点 | O46: 結果 | P46: 解釈・読み取り
A47: よつぼしは収量が非常に高く、密植栽培や面積効率に優れる。 | N47: 分散の大きさ | O47: 標準偏差 57g前後 | P47: ばらつきは中程度
N48: 最大値 | O48: よつぼし（238g） | P48: 明確な収量の差がある
A49: 紅ほっぺは収量そのものは多いが、面積が広く、効率は最も悪い。 | N49: 最小値 | O49: 紅ほっぺ（159g） | P49: 他2品種と大差なし
N50: 相関性 | O50: 株数とは無関係 | P50: 多株数でも収量は必ずしも増えない
A53: ✅ 4. 収穫量・正規品・加工用の比較 | N53: 📌【5】今後の対策・判断
A55: 品種 | B55: 総収穫量（g） | C55: 正規品割合 | D55: コメント | N55: 観点 | O55: 判断・対策
A56: 紅ほっぺ | B56: 292,665g | C56: ◯ 61.9% | D56: 最も多いが、面積効率が悪い | N56: 品種選定 | O56: 「よつぼし」は単株収量で優位なので、収量性を重視するなら導入継続や拡大を検討。
A57: やよいひめ | B57: 112,038g | C57: △ 58.6% | D57: 収量は多め、品質中程度 | N57: 栽培改善 | O57: 「紅ほっぺ」「やよいひめ」「かおり野」は類似傾向。個別の栽培管理改善（潅水・施肥など）により底上げできる可能性あり。
A58: よつぼし | B58: 85,884g | C58: ❌ 52.6% | D58: 高収量だが品質が課題 | N58: 経済性 | O58: よつぼしの加工比率が高いなら品質向上が課題。ただし収量自体が多いため収益貢献は高い。
A59: かおり野 | B59: 61,090g | C59: ◎ 69.0% | D59: 収量少なめだが最も高品質 | N59: 作業負担 | O59: 収穫量の多い品種（紅ほっぺなど）は**作業負担増に対する支援策（人員・道具）**も重要。
A62: ✅ 5. 標準偏差・中央値との比較
A64: 中央値と平均に大きな差がある（例：収穫量中央値＝98,961g、平均＝137,919g） → 一部の品種（紅ほっぺ）が平均を押し上げている。
A66: 標準偏差が大きく、ばらつきが大きい → 栽培方法・品種の違いによる影響が大きいと推察される。
A70: ✅ 結論と栽培判断への示唆
A72: 品種名 | B72: 特徴 | C72: 向いている用途
A73: かおり野 | B73: 高品質・収量控えめ | C73: 贈答用、ブランド戦略向け
A74: よつぼし | B74: 面積効率良く、収量多いが品質はやや劣る | C74: 加工用、業務用量産
A75: やよいひめ | B75: 収量そこそこ、品質中間 | C75: バランス型、多用途向け
A76: 紅ほっぺ | B76: 総収穫量は多いが非効率、品質は中程度 | C76: ブランド定番、広域販売向け（ただし管理改善要）
A79: ✅ 補足提案
A81: 「高品質少量品種」と「高収量品種」の使い分けで経営戦略を立てると良いです。
A83: 今後は「労力投入量」「病害発生率」「単価（正規品/加工品）」「収穫期間のばらつき」なども含めて、**経済効率分析（粗収益など）**を行うと、さらに実践的な判断が可能です。

Sheet 方
B2: 期間１０月２５日～６月１１日
B3: 処理区名（紅ほっぺ） | C3: 正規品（ｇ） | D3: 加工用（ｇ） | E3: パック数 | F3: 収穫量（ｇ） | G3: 株数 | H3: 面積（㎡） | I3: 1株あたり収量（ｇ） | J3: 歩留まり（％） | K3: 加工比率（％） | L3: 10aあたり収量(kg)
B4: コントロール区 | C4: =SUM(方収!C3:C137) -> 70974 | D4: =SUM(方収!D3:D137) -> 35568 | E4: =SUM(方収!E3:E137) -> 526 | F4: =SUM(C4:D4) -> 106542 | G4: 560 | H4: 58.8 | I4: =F4/G4 -> 190.25357 | J4: =C4/F4*100 -> 66.615982 | K4: =D4/F4*100 -> 33.384018 | L4: =F4 /H4 * 100 / 1000 -> 181.19388
B5: 窒素断・無仮植処理区 | C5: =SUM(方収!H3:H129) -> 110072 | D5: =SUM(方収!I3:I129) -> 75951 | E5: =SUM(方収!J3:J129) -> 705 | F5: =SUM(C5:D5) -> 186023 | G5: 1270 | H5: 75.2 | I5: =F5/G5 -> 146.4748 | J5: =C5/F5*100 -> 59.171178 | K5: =D5/F5*100 -> 40.828822 | L5: =F5 /H5 * 100 / 1000 -> 247.37101
B6: 合計 | C6: =SUM(C4:C5) -> 181046 | D6: =SUM(D4:D5) -> 111519 | E6: =SUM(E4:E5) -> 1231 | F6: =SUM(F4:F5) -> 292565 | G6: =SUM(G4:G5) -> 1830 | H6: =SUM(H4:H5) -> 134 | I6: =SUM(I4:I5) -> 336.72837 | J6: =SUM(J4:J5) -> 125.78716 | ... L6: =SUM(L4:L5) -> 428.56489
B7: 平均 | C7: =AVERAGE(C4:C5) -> 90523 | D7: =AVERAGE(D4:D5) -> 55759.5 | E7: =AVERAGE(E4:E5) -> 615.5 | F7: =AVERAGE(F4:F5) -> 146282.5 | G7: =AVERAGE(G4:G5) -> 915 | H7: =AVERAGE(H4:H5) -> 67 | I7: =AVERAGE(I4:I5) -> 168.36419 | J7: =AVERAGE(J4:J5) -> 62.89358 | ... L7: =AVERAGE(L4:L5) -> 214.28244
A8: 偏差 | B8: コントロール区 | C8: =C4-90523 -> -19549 | D8: =D4-55795 -> -20227 | E8: =E4-615.5 -> -89.5 | F8: =F4-146282.5 -> -39740.5 | I8: =I4-208.03 -> -17.776429 | L8: =L4-229.021 -> -47.827122
B9: 窒素断・無仮植処理区 | C9: =C5-90523 -> 19549 | D9: =D5-55795 -> 20156 | E9: =E5-615.5 -> 89.5 | F9: =F5-146282.5 -> 39740.5 | I9: =I5-208.03 -> -61.555197 | L9: =L5-229.021 -> 18.350011
B10: 分散 | C10: {=SUM(C8:C9*C8:C9)/COUNT(C8:C9)} -> 382163401 | D10: {=SUM(D8:D9*D8:D9)/COUNT(D8:D9)} -> 4.0769793e+08 | E10: {=SUM(E8:E9*E8:E9)/COUNT(E8:E9)} -> 8010.25 | F10: {=SUM(F8:F9*F8:F9)/COUNT(F8:F9)} -> 1.5793073e+09 | I10: {=SUM(I8:I9*I8:I9)/COUNT(I8:I9)} -> 2052.5218 | L10: {=SUM(L8:L9*L8:L9)/COUNT(L8:L9)} -> 1312.0783
B11: 標準偏差 | C11: =SQRT(C10) -> 19549 | D11: =SQRT(D10) -> 20191.531 | E11: =SQRT(E10) -> 89.5 | F11: =SQRT(F10) -> 39740.5

Sheet 方コ
A1: ✅ 1. 全体の収穫量と品質の傾向
A3: 指標 | B3: コントロール区 | C3: 窒素断・無仮植処理区 | D3: 差（偏差）
A4: 収穫量（g） | B4: 106542 | C4: 186023 | D4: +79,481（処理区が多い）
A5: 正規品割合（歩留まり）% | B5: 0.6662 | C5: 0.5917 | D5: -7.45（処理区が低い）
A6: 加工比率（％） | B6: 0.3338 | C6: 0.4083 | D6: +7.45（処理区が高い）
A8: 処理区（窒素断＋無仮植）は収穫量が非常に多い（+約75%）。
A10: ただし、品質面では劣る傾向があり、正規品の割合が低く、加工用が多い。
A12: よって、処理区は「量を取れるが、質がやや劣る」という傾向。
A16: ✅ 2. 株ごとの収量と効率性
A18: 指標 | B18: コントロール区 | C18: 処理区 | D18: 平均
A19: 1株あたり収量（g） | B19: 190.25 | C19: 146.47 | D19: 168.36
A20: 10aあたり収量（kg） | B20: 181.19 | C20: 247.37 | D20: 214.28
A22: 1株あたりの効率はコントロール区の方が良い（＝1株あたりにできる果実が多い）。
A24: しかし、処理区は面積あたりの収量が高く、密植等で全体効率を高めている可能性がある。
A26: 処理区では「数で稼ぐ」栽培をしていると考えられる。
A30: ✅ 3. 経済的評価や栽培方針への示唆
A32: 高品質果実（正規品）を重視する場合：
A36: コントロール区が有利。
A38: 歩留まりが高く、1株あたりの収量効率が高い。
A40: 総収量や加工向けを重視する場合：
A44: 処理区が有利。
A46: 特に加工向け商品（ジャム、冷凍品など）では収穫量が重要。
A50: ✅ 4. ばらつき・統計的な特性
A52: 標準偏差が大きい（例：収穫量の偏差39,740g）ことから、
... A78: ✅ 総合評価
A80: 処理名 | B80: 特徴 | C80: 評価軸
A81: コントロール区 | B81: 高品質、株効率が高い | C81: 正規品重視、贈答用、ブランド維持向け
A82: 窒素断・無仮植処理区 | B82: 総収量が多い、加工比率が高い | C82: 加工向け大量生産、低コスト栽培向け
A85: ✅ 補足提案
A87: 品質（正規品の割合）を維持しつつ収量も増やすには、処理区の条件（窒素断＋無仮植）を部分的に取り入れた中間処理区を設けても良いかもしれません。
A89: 次年度は、気象条件・土壌情報・病害の発生率なども記録するとより精密な解析が可能になります。

Sheet 方収
B2: コントロール区 | G2: 窒素断・無仮植処理区 | N2: C区 | S2: 処理区
B3: {=_xlfn._xlws.FILTER(元!E5:H448, 元!E5:E448="紅ほっぺ")} -> 紅ほっぺ | C3: 80 | D3: 0 | E3: 0 | G3: {=_xlfn._xlws.FILTER(元!E5:H448, (ISNUMBER(SEARCH("断", 元!E5:E448))) + (ISNUMBER(SEARCH("無", 元!E5:E448))) )} -> 紅ほっぺ(断） | H3: 100 | I3: 0 | J3: 1 | N3: ソリトン | O3: =SUM(企収!AN3:AN24) -> 12480 | P3: =SUM(企収!AO3:AO24) -> 5707 | Q3: =SUM(企収!AP3:AP24) -> 92 | S3: マルテ | T3: =SUM(企収!D134:D171) -> 46714 | U3: =SUM(企収!E134:E171) -> 29233 | V3: =SUM(企収!F134:F171) -> 326
B4: 紅ほっぺ | C4: 120 | D4: 0 | E4: 0 | G4: 紅ほっぺ（断） | H4: 46 | I4: 0 | J4: 0 | N4: 岡部 | O4: =SUM(企収!AZ3:AZ19) -> 4630 | P4: =SUM(企収!BA3:BA19) -> 3524 | Q4: =SUM(企収!BB3:BB19) -> 47 | S4: 三和 | T4: =SUM(企収!J3:J17) -> 2616 | U4: =SUM(企収!K3:K17) -> 2900 | V4: =SUM(企収!L3:L17) -> 9
B5: 紅ほっぺ | C5: 100 | D5: 0 | E5: 0 | G5: 紅ほっぺ（断） | H5: 130 | I5: 0 | J5: 0 | N5: ケイアイ | O5: =SUM(企収!BF3:BF24) -> 26392 | P5: =SUM(企収!BG3:BG24) -> 9091 | Q5: =SUM(企収!BH3:BH24) -> 198 | S5: QB | T5: =SUM(企収!P3:P23) -> 4527 | U5: =SUM(企収!Q3:Q23) -> 2536 | V5: =SUM(企収!R3:R23) -> 25
B6: 紅ほっぺ | C6: 960 | D6: 0 | E6: 5 | G6: 紅ほっぺ（断） | H6: 100 | I6: 0 | J6: 0 | N6: 慈誠会 | O6: =SUM(企収!BR3:BR22) -> 6730 | P6: =SUM(企収!BS3:BS22) -> 4350 | Q6: =SUM(企収!BT3:BT22) -> 48 | S6: 東レ | T6: =SUM(企収!U91:U100)+SUM(企収!U78:U87) -> 38160 | U6: =SUM(企収!V91:V100)+SUM(企収!V78:V87) -> 26889 | V6: =SUM(企収!W91:W100)+SUM(企収!W78:W87) -> 206
B7: 紅ほっぺ | C7: 3940 | D7: 0 | E7: 28 | G7: 紅ほっぺ（断） | H7: 320 | I7: 0 | J7: 3 | N7: 昭和 | O7: =SUM(企収!CD3:CD26) -> 6230 | P7: =SUM(企収!CE3:CE26) -> 5714 | Q7: =SUM(企収!CF3:CF26) -> 42 | S7: バリュ | T7: =SUM(企収!AG60:AG73)+SUM(企収!AG75:AG86) -> 18472 | U7: =SUM(企収!AH60:AH73)+SUM(企収!AH75:AH86) -> 11223 | V7: =SUM(企収!AI60:AI73)+SUM(企収!AI75:AI86) -> 131
B8: 紅ほっぺ | C8: 340 | D8: 0 | E8: 0 | G8: 紅ほっぺ（断） | H8: 260 | I8: 0 | J8: 0 | N8: 日建（遅） | O8: =企収!CJ7+企収!CJ9+企収!CJ11+企収!CJ13+企収!CJ15+企収!CJ17 -> 740 | P8: =企収!CK7+企収!CK9+企収!CK11+企収!CK13+企収!CK15+企収!CK17 -> 419 | Q8: =企収!CL7+企収!CL9+企収!CL11+企収!CL13+企収!CL15+企収!CL17 -> 26 | S8: NaITO | T8: =SUM(企収!AT3:AT25) -> 9595 | U8: =SUM(企収!AU3:AU25) -> 7843 | V8: =SUM(企収!AV3:AV25) -> 66
B9: 紅ほっぺ | C9: 1140 | D9: 0 | E9: 0 | G9: 紅ほっぺ（断） | H9: 195 | I9: 0 | J9: 0 | S9: 日建 | T9: =SUM(企収!CJ3:CJ18)-O8 -> 3860 | U9: =SUM(企収!CK3:CK18)-P8 -> 2090 | V9: =SUM(企収!CL3:CL18)-Q8 -> 15
B10: 紅ほっぺ | C10: 600 | D10: 0 | E10: 5 | G10: 紅ほっぺ（断） | H10: 170 | I10: 0 | J10: 0 | O10: =SUM(O3:O8) -> 57202 | P10: =SUM(P3:P8) -> 28805 | Q10: =SUM(Q3:Q8) -> 453
B11: 紅ほっぺ | C11: 980 | D11: 0 | E11: 8 | G11: 紅ほっぺ（断） | H11: 320 | I11: 0 | J11: 0 | T11: =SUM(T3:T9) -> 123944 | U11: =SUM(U3:U9) -> 82714 | V11: =SUM(V3:V9) -> 778
B12: 紅ほっぺ | C12: 500 | D12: 0 | E12: 3 | G12: 紅ほっぺ（断） | H12: 200 | I12: 0 | J12: 0
B13: 紅ほっぺ | C13: 1500 | D13: 0 | E13: 13 | G13: 紅ほっぺ（断） | H13: 540 | I13: 0 | J13: 3
B14: 紅ほっぺ | C14: 1320 | D14: 0 | E14: 11 | G14: 紅ほっぺ（断） | H14: 260 | I14: 0 | J14: 0 | O14: =O10+T11 -> 181146 | P14: =P10+U11 -> 111519 | Q14: =Q10+V11 -> 1231
B15: 紅ほっぺ | C15: 820 | D15: 0 | E15: 7 | G15: 紅ほっぺ（断） | H15: 120 | I15: 0 | J15: 0 | O15: 242.3 | P15: 457.1 | Q15: 699.4 | R15: 1235
B16: 紅ほっぺ | C16: 740 | D16: 0 | E16: 6 | G16: 紅ほっぺ（断） | H16: 80 | I16: 0 | J16: 0
B17: 紅ほっぺ | C17: 886 | D17: 654 | E17: 8 | G17: 紅ほっぺ（断） | H17: 400 | I17: 0 | J17: 0
B18: 紅ほっぺ | C18: 880 | D18: 208 | E18: 7 | G18: 紅ほっぺ（断） | H18: 120 | I18: 0 | J18: 0
B19: 紅ほっぺ | C19: 1080 | D19: 740 | E19: 9 | G19: 紅ほっぺ（断） | H19: 320 | I19: 0 | J19: 0
B20: 紅ほっぺ | C20: 2732 | D20: 321 | E20: 22 | G20: 紅ほっぺ（断） | H20: 60 | I20: 0 | J20: 0
B21: 紅ほっぺ | C21: 840 | D21: 147 | E21: 6 | G21: 紅ほっぺ（断） | H21: 240 | I21: 0 | J21: 0
B22: 紅ほっぺ | C22: 1620 | D22: 450 | E22: 0 | G22: 紅ほっぺ（断） | H22: 100 | I22: 0 | J22: 0
B23: 紅ほっぺ | C23: 880 | D23: 94 | E23: 7 | G23: 紅ほっぺ（断） | H23: 1120 | I23: 0 | J23: 10
B24: 紅ほっぺ | C24: 1080 | D24: 430 | E24: 5 | G24: 紅ほっぺ（断） | H24: 300 | I24: 0 | J24: 1
B25: 紅ほっぺ | C25: 1480 | D25: 0 | E25: 12 | G25: 紅ほっぺ（断） | H25: 380 | I25: 0 | J25: 2
B26: 紅ほっぺ | C26: 600 | D26: 90 | E26: 5 | G26: 紅ほっぺ（断） | H26: 1480 | I26: 0 | J26: 13
B27: 紅ほっぺ | C27: 2500 | D27: 760 | E27: 16 | G27: 紅ほっぺ（断） | H27: 420 | I27: 0 | J27: 3
... B129: 紅ほっぺ | C129: 140 | D129: 520 | E129: 1 | G129: 無 | H129: 3360 | I129: 0 | J129: 0
B130: 紅ほっぺ | C130: 500 | D130: 0 | E130: 15
B131: 紅ほっぺ | C131: 1120 | D131: 0 | E131: 0
B132: 紅ほっぺ | C132: 1140 | D132: 0 | E132: 0
B133: 紅ほっぺ | C133: 1400 | D133: 0 | E133: 0
B134: 紅ほっぺ | C134: 300 | D134: 0 | E134: 0
B135: 紅ほっぺ | C135: 500 | D135: 0 | E135: 0
B136: 紅ほっぺ | C136: 320 | D136: 0 | E136: 4
B137: 紅ほっぺ | C137: 1200 | D137: 0 | E137: 0

Sheet 月
A1: 11月～5月の遷移
J3: 砂目標：２５０～３００ｇ 好記録：４００ｇ～
B4: 11月 | C4: 品種名 | D4: 正規品（ｇ） | E4: 加工用（ｇ） | F4: パック数 | G4: 収穫量（ｇ） | H4: 株数 | I4: 面積（㎡） | J4: １株あたり収量（ｇ） | K4: 歩留まり（％） | L4: 加工比率（％） | M4: 10aあたり収量（kg）
C5: かおり野 | D5: =月収!B2 -> 240 | E5: =月収!C2 -> 0 | F5: =月収!D2 -> 3 | G5: =SUM(D5:E5) -> 240 | H5: 360 | I5: 16.8 | J5: =G5/ H5 -> 0.66666667 | K5: =D5/G5 -> 1 | L5: =E5/G5 -> 0 | M5: =G5/I5*100/1000 -> 1.4285714
C6: よつぼし | D6: 0 | E6: 0 | F6: 0 | G6: =SUM(D6:E6) -> 0 | H6: 360 | I6: 17 | J6: =G6/ H6 -> 0 | K6: =D6/G6 -> #DIV/0! | L6: =E6/G6 -> #DIV/0! | M6: =G6/I6*100/1000 -> 0
C7: やよいひめ | D7: 0 | E7: 0 | F7: 0 | G7: =SUM(D7:E7) -> 0 | H7: 700 | I7: 34 | J7: =G7/ H7 -> 0 | K7: =D7/G7 -> #DIV/0! | L7: =E7/G7 -> #DIV/0! | M7: =G7/I7*100/1000 -> 0
C8: 紅ほっぺ | D8: =SUM(月収!B3:B10) -> 1541 | E8: =SUM(月収!C3:C10) -> 0 | F8: =SUM(月収!D3:D10) -> 3 | G8: =SUM(D8:E8) -> 1541 | H8: =H9-(H5+H6+H7) -> 1830 | I8: =202-I5-I6-I7 -> 134.2 | J8: =G8/ H8 -> 0.8420765 | K8: =D8/G8 -> 1 | L8: =E8/G8 -> 0 | M8: =G8/I8*100/1000 -> 1.1482861
C9: 合計 | D9: =SUM(D5:D8) -> 1781 | E9: =SUM(E5:E8) -> 0 | F9: =SUM(F5:F8) -> 6 | G9: =SUM(G5:G8) -> 1781 | H9: 3250 | I9: =SUM(I5:I8) -> 202 | M9: =SUM(M5:M8) -> 2.5768576
B10: 代表値 | C10: 平均 | D10: =AVERAGE(D5:D8) -> 445.25 | E10: =AVERAGE(E5:E8) -> 0 | F10: =AVERAGE(F5:F8) -> 1.5 | G10: =AVERAGE(G5:G8) -> 445.25 | H10: =AVERAGE(H5:H8) -> 812.5 | I10: =AVERAGE(I5:I8) -> 50.5 | J10: =AVERAGE(J5:J8) -> 0.37718579 | K10: =AVERAGE(K5:K8) -> #DIV/0! | L10: =AVERAGE(L5:L8) -> #DIV/0! | M10: =AVERAGE(M5:M9) -> 1.030743
C11: 中央値 | D11: =MEDIAN(D5:D8) -> 120 | E11: =MEDIAN(E5:E8) -> 0 | F11: =MEDIAN(F5:F8) -> 1.5 | G11: =MEDIAN(G5:G8) -> 120 | H11: =MEDIAN(H5:H8) -> 530 | I11: =MEDIAN(I5:I8) -> 25.5 | J11: =MEDIAN(J5:J8) -> 0.33333333 | K11: =MEDIAN(K5:K8) -> #DIV/0! | ... M11: =MEDIAN(M5:M8) -> 0.57414307
B12: 偏差 | C12: かおり野 | D12: =D5-D10 -> -205.25 | E12: =E5-E10 -> 0 | F12: =F5-F10 -> 1.5 | G12: =G5-G10 -> -205.25 | H12: =H5-H10 -> -452.5 | I12: =I5-I10 -> -33.7 | J12: =J5-J10 -> 0.28948087 | K12: =K5-K10 -> #DIV/0! | ... M12: =M5-M10 -> 0.3978284
C13: よつぼし | D13: =D6-D11 -> -120 | E13: =E6-E11 -> 0 | F13: =F6-F11 -> -1.5 | G13: =G6-G11 -> -120 | H13: =H6-H11 -> -170 | I13: =I6-I11 -> -8.5 | J13: =J6-J11 -> -0.33333333 | K13: =K6-K11 -> #DIV/0! | ... M13: =M6-M11 -> -0.57414307
C14: やよいひめ | D14: =D7-D12 -> 205.25 | E14: =E7-E12 -> 0 | F14: =F7-F12 -> -1.5 | G14: =G7-G12 -> 205.25 | H14: =H7-H12 -> 1152.5 | I14: =I7-I12 -> 67.7 | J14: =J7-J12 -> -0.28948087 | K14: =K7-K12 -> #DIV/0! | ... M14: =M7-M12 -> -0.3978284
C15: 紅ほっぺ | D15: =D8-D13 -> 1661 | E15: =E8-E13 -> 0 | F15: =F8-F13 -> 4.5 | G15: =G8-G13 -> 1661 | H15: =H8-H13 -> 2000 | I15: =I8-I13 -> 142.7 | J15: =J8-J13 -> 1.1754098 | K15: =K8-K13 -> #DIV/0! | ... M15: =M8-M13 -> 1.7224292
C16: 分散 | D16: {=SUM(D12:D15*D12:D15)/COUNT(D12:D15)} -> 714394.03 | E16: {=SUM(E12:E15*E12:E15)/COUNT(E12:E15)} -> 0 | F16: {=SUM(F12:F15*F12:F15)/COUNT(F12:F15)} -> 6.75 | G16: {=SUM(G12:G15*G12:G15)/COUNT(G12:G15)} -> 714394.03 | H16: {=SUM(H12:H15*H12:H15)/COUNT(H12:H15)} -> 1390478.1 | I16: {=SUM(I12:I15*I12:I15)/COUNT(I12:I15)} -> 6538.63 | J16: {=SUM(J12:J15*J12:J15)/COUNT(J12:J15)} -> 0.41507444 | K16: {=SUM(K12:K15*K12:K15)/COUNT(K12:K15)} -> #DIV/0! | ... M16: {=SUM(M12:M15*M12:M15)/COUNT(M12:M15)} -> 0.90323438
C17: 標準偏差 | D17: =SQRT(D16) -> 845.21833 | E17: =SQRT(E16) -> 0 | F17: =SQRT(F16) -> 2.5980762 | G17: =SQRT(G16) -> 845.21833 | H17: =SQRT(H16) -> 1179.1854 | I17: =SQRT(I16) -> 80.861796 | J17: =SQRT(J16) -> 0.64426271 | K17: =SQRT(K16) -> #DIV/0! | ... M17: =SQRT(M16) -> 0.95038644
J19: 砂目標：２５０～３００ｇ 好記録：４００ｇ～
B20: 12月 | C20: 品種名 | D20: 正規品（ｇ） | E20: 加工用（ｇ） | F20: パック数 | G20: 収穫量（ｇ） | H20: 株数 | I20: 面積（㎡） | J20: １株あたり収量（ｇ） | K20: 歩留まり（％） | L20: 加工比率（％） | M20: 10aあたり収量（kg）
C21: かおり野 | D21: =SUM(月収!B61:B69) -> 13570 | E21: =SUM(月収!C61:C69) -> 500 | F21: =SUM(月収!D61:D69) -> 90 | G21: =SUM(D21:E21) -> 14070 | H21: 360 | I21: 16.8 | J21: =G21/ H21 -> 39.083333 | K21: =D21/G21 -> 0.9644634 | L21: =E21/G21 -> 0.035536603 | M21: =G21/I21*100/1000 -> 83.75
C22: よつぼし | D22: =SUM(月収!B53:B59) -> 2406 | E22: =SUM(月収!C53:C59) -> 760 | F22: =SUM(月収!D53:D59) -> 12 | G22: =SUM(D22:E22) -> 3166 | H22: 360 | I22: 17 | J22: =G22/ H22 -> 8.7944444 | K22: =D22/G22 -> 0.75994946 | L22: =E22/G22 -> 0.24005054 | M22: =G22/I22*100/1000 -> 18.623529
C23: やよいひめ | D23: 0 | E23: 0 | F23: 0 | G23: =SUM(D23:E23) -> 0 | H23: 700 | I23: 34 | J23: =G23/ H23 -> 0 | K23: =D40/G23 -> #DIV/0! | L23: =E23/G23 -> #DIV/0! | M23: =G23/I23*100/1000 -> 0
C24: 紅ほっぺ | D24: =SUM(月収!B40:B49) -> 2020 | E24: =SUM(月収!C40:C49) -> 0 | F24: =SUM(月収!D40:D49) -> 3 | G24: =SUM(D24:E24) -> 2020 | H24: =H25-(H21+H22+H23) -> 1830 | I24: =202-I21-I22-I23 -> 134.2 | J24: =G24/ H24 -> 1.1038251 | K24: =D24/G24 -> 1 | L24: =E24/G24 -> 0 | M24: =G24/I24*100/1000 -> 1.5052161
C25: 合計 | D25: =SUM(D21:D24) -> 17996 | E25: =SUM(E21:E24) -> 1260 | F25: =SUM(F21:F24) -> 105 | G25: =SUM(G21:G24) -> 19256 | H25: 3250 | I25: =SUM(I21:I24) -> 202 | M25: =SUM(M21:M24) -> 103.87875
C26: 平均 | D26: =AVERAGE(D21:D24) -> 4499 | E26: =AVERAGE(E21:E24) -> 315 | F26: =AVERAGE(F21:F24) -> 26.25 | G26: =AVERAGE(G21:G24) -> 4814 | H26: =AVERAGE(H21:H24) -> 812.5 | I26: =AVERAGE(I21:I24) -> 50.5 | J26: =AVERAGE(J21:J24) -> 12.245401 | K26: =AVERAGE(K21:K24) -> #DIV/0! | ... M26: =AVERAGE(M21:M24) -> 25.969686
C27: 中央値 | D27: =MEDIAN(D21:D24) -> 2213 | E27: =MEDIAN(E21:E24) -> 250 | F27: =MEDIAN(F21:F24) -> 7.5 | G27: =MEDIAN(G21:G24) -> 2593 | H27: =MEDIAN(H21:H24) -> 530 | I27: =MEDIAN(I21:I24) -> 25.5 | J27: =MEDIAN(J21:J24) -> 4.9491348 | K27: =MEDIAN(K21:K24) -> #DIV/0! | ... M27: =MEDIAN(M21:M24) -> 10.064373
B28: 偏差 | C28: かおり野 | D28: =D21-D26 -> 9071 | E28: =E21-E26 -> 185 | F28: =F21-F26 -> 63.75 | G28: =G21-G26 -> 9256 | H28: =H21-H26 -> -452.5 | I28: =I21-I26 -> -33.7 | J28: =J21-J26 -> 26.837933 | K28: =K21-K26 -> #DIV/0! | ... M28: =M21-M26 -> 57.780314
C29: よつぼし | D29: =D22-D27 -> 193 | E29: =E22-E27 -> 510 | F29: =F22-F27 -> 4.5 | G29: =G22-G27 -> 573 | H29: =H22-H27 -> -170 | I29: =I22-I27 -> -8.5 | J29: =J22-J27 -> 3.8453097 | K29: =K22-K27 -> #DIV/0! | ... M29: =M22-M27 -> 8.5591567
C30: やよいひめ | D30: =D40-D28 -> -5051 | E30: =E23-E28 -> -185 | F30: =F23-F28 -> -63.75 | G30: =G23-G28 -> -9256 | H30: =H23-H28 -> 1152.5 | I30: =I23-I28 -> 67.7 | J30: =J23-J28 -> -26.837933 | K30: =K23-K28 -> #DIV/0! | L30: =L23-L28 -> #DIV/0! | M30: =M23-M28 -> -57.780314
C31: 紅ほっぺ | D31: =D24-D29 -> 1827 | E31: =E24-E29 -> -510 | F31: =F24-F29 -> -1.5 | G31: =G24-G29 -> 1447 | H31: =H24-H29 -> 2000 | I31: =I24-I29 -> 142.7 | J31: =J24-J29 -> -2.7414845 | K31: =K24-K29 -> #DIV/0! | ... M31: =M24-M29 -> -7.0539406
C32: 分散 | D32: {=SUM(D28:D31*D28:D31)/COUNT(D28:D31)} -> 27792705 | E32: {=SUM(E28:E31*E28:E31)/COUNT(E28:E31)} -> 147162.5 | F32: {=SUM(F28:F31*F28:F31)/COUNT(F28:F31)} -> 2037.6562 | G32: {=SUM(G28:G31*G28:G31)/COUNT(G28:G31)} -> 43442302 | H32: {=SUM(H28:H31*H28:H31)/COUNT(H28:H31)} -> 1390478.1 | I32: {=SUM(I28:I31*I28:I31)/COUNT(I28:I31)} -> 6538.63 | J32: {=SUM(J28:J31*J28:J31)/COUNT(J28:J31)} -> 365.71285 | K32: {=SUM(K28:K31*K28:K31)/COUNT(K28:K31)} -> #DIV/0! | ... M32: {=SUM(M28:M31*M28:M31)/COUNT(M28:M31)} -> 1700.0366
C33: 標準偏差 | D33: =SQRT(D32) -> 5271.8787 | E33: =SQRT(E32) -> 383.61765 | F33: =SQRT(F32) -> 45.140406 | G33: =SQRT(G32) -> 6591.0775 | H33: =SQRT(H32) -> 1179.1854 | I33: =SQRT(I32) -> 80.861796 | J33: =SQRT(J32) -> 19.12362 | K33: =SQRT(K32) -> #DIV/0! | ... M33: =SQRT(M32) -> 41.2315
J36: 砂目標：２５０～３００ｇ 好記録：４００ｇ～
B37: 1月 | C37: 品種名 | D37: 正規品（ｇ） | E37: 加工用（ｇ） | F37: パック数 | G37: 収穫量（ｇ） | H37: 株数 | I37: 面積（㎡） | J37: １株あたり収量（ｇ） | K37: 歩留まり（％） | L37: 加工比率（％） | M37: 10aあたり収量（kg）
C38: かおり野 | D38: =SUM(月収!H139:H147) -> 13570 | E38: =SUM(月収!I139:I147) -> 500 | F38: =SUM(月収!J139:J147) -> 90 | G38: =SUM(D38:E38) -> 14070 | H38: 360 | I38: 16.8 | J38: =G38/ H38 -> 39.083333 | K38: =D38/G38 -> 0.9644634 | L38: =E38/G38 -> 0.035536603 | M38: =G38/I38*100/1000 -> 83.75
C39: よつぼし | D39: =SUM(月収!H130:H137) -> 7126 | E39: =SUM(月収!I130:I137) -> 4165 | F39: =SUM(月収!J130:J137) -> 46 | G39: =SUM(D39:E39) -> 11291 | H39: 360 | I39: 17 | J39: =G39/ H39 -> 31.363889 | K39: =D39/G39 -> 0.63112213 | L39: =E39/G39 -> 0.36887787 | M39: =G39/I39*100/1000 -> 66.417647
C40: やよいひめ | D40: =SUM(月収!H122:H128) -> 4020 | E40: =SUM(月収!I122:I128) -> 1868 | F40: =SUM(月収!J122:J128) -> 30 | G40: =SUM(D40:E40) -> 5888 | H40: 700 | I40: 34 | J40: =G40/ H40 -> 8.4114286 | K40: =D57/G40 -> 1.3685462 | L40: =E40/G40 -> 0.31725543 | M40: =G40/I40*100/1000 -> 17.317647
C41: 紅ほっぺ | D41: =SUM(月収!H74:H120) -> 52238 | E41: =SUM(月収!I74:I120) -> 8941 | F41: =SUM(月収!J74:J120) -> 370 | G41: =SUM(D41:E41) -> 61179 | H41: =H42-(H38+H39+H40) -> 1830 | I41: =202-I38-I39-I40 -> 134.2 | J41: =G41/ H41 -> 33.431148 | K41: =D41/G41 -> 0.85385508 | L41: =E41/G41 -> 0.14614492 | M41: =G41/I41*100/1000 -> 45.587928
C42: 合計 | D42: =SUM(D38:D41) -> 76954 | E42: =SUM(E38:E41) -> 15474 | F42: =SUM(F38:F41) -> 536 | G42: =SUM(G38:G41) -> 92428 | H42: 3250 | I42: =SUM(I38:I41) -> 202 | M42: =SUM(M38:M41) -> 213.07322
C43: 平均 | D43: =AVERAGE(D38:D41) -> 19238.5 | E43: =AVERAGE(E38:E41) -> 3868.5 | F43: =AVERAGE(F38:F41) -> 134 | G43: =AVERAGE(G38:G41) -> 23107 | H43: =AVERAGE(H38:H41) -> 812.5 | I43: =AVERAGE(I38:I41) -> 50.5 | J43: =AVERAGE(J38:J41) -> 28.07245 | K43: =AVERAGE(K38:K41) -> 0.9544967 | ... M43: =AVERAGE(M38:M41) -> 53.268306
C44: 中央値 | D44: =MEDIAN(D38:D41) -> 10348 | E44: =MEDIAN(E38:E41) -> 3016.5 | F44: =MEDIAN(F38:F41) -> 68 | G44: =MEDIAN(G38:G41) -> 12680.5 | H44: =MEDIAN(H38:H41) -> 530 | I44: =MEDIAN(I38:I41) -> 25.5 | J44: =MEDIAN(J38:J41) -> 32.397518 | K44: =MEDIAN(K38:K41) -> 0.90915924 | ... M44: =MEDIAN(M38:M41) -> 56.002788
B45: 偏差 | C45: かおり野 | D45: =D38-D43 -> -5668.5 | E45: =E38-E43 -> -3368.5 | F45: =F38-F43 -> -44 | G45: =G38-G43 -> -9037 | H45: =H38-H43 -> -452.5 | I45: =I38-I43 -> -33.7 | J45: =J38-J43 -> 11.010884 | K45: =K38-K43 -> 0.0099666956 | ... M45: =M38-M43 -> 30.481694
C46: よつぼし | D46: =D39-D44 -> -3222 | E46: =E39-E44 -> 1148.5 | F46: =F39-F44 -> -22 | G46: =G39-G44 -> -1389.5 | H46: =H39-H44 -> -170 | I46: =I39-I44 -> -8.5 | J46: =J39-J44 -> -1.0336293 | K46: =K39-K44 -> -0.27803711 | ... M46: =M39-M44 -> 10.414859
C47: やよいひめ | D47: =D57-D45 -> 13726.5 | E47: =E40-E45 -> 5236.5 | F47: =F40-F45 -> 74 | G47: =G40-G45 -> 14925 | H47: =H40-H45 -> 1152.5 | I47: =I40-I45 -> 67.7 | J47: =J40-J45 -> -2.5994552 | K47: =K40-K45 -> 1.3585795 | L47: =L40-L45 -> 0.49867254 | M47: =M40-M45 -> -13.164047
C48: 紅ほっぺ | D48: =D41-D46 -> 55460 | E48: =E41-E46 -> 7792.5 | F48: =F41-F46 -> 392 | G48: =G41-G46 -> 62568.5 | H48: =H41-H46 -> 2000 | I48: =I41-I46 -> 142.7 | J48: =J41-J46 -> 34.464777 | K48: =K41-K46 -> 1.1318922 | ... M48: =M41-M46 -> 35.173069
C49: 分散 | D49: {=SUM(D45:D48*D45:D48)/COUNT(D45:D48)} -> 8.2668539e+08 | E49: {=SUM(E45:E48*E45:E48)/COUNT(E45:E48)} -> 25202458 | F49: {=SUM(F45:F48*F45:F48)/COUNT(F45:F48)} -> 40390 | G49: {=SUM(G45:G48*G45:G48)/COUNT(G45:G48)} -> 1.0552927e+09 | H49: {=SUM(H45:H48*H45:H48)/COUNT(H45:H48)} -> 1390478.1 | I49: {=SUM(I45:I48*I45:I48)/COUNT(I45:I48)} -> 6538.63 | J49: {=SUM(J45:J48*J45:J48)/COUNT(J45:J48)} -> 329.22149 | K49: {=SUM(K45:K48*K45:K48)/COUNT(K45:K48)} -> 0.80108054 | ... M49: {=SUM(M45:M48*M45:M48)/COUNT(M45:M48)} -> 612.00998
C50: 標準偏差 | D50: =SQRT(D49) -> 28752.137 | E50: =SQRT(E49) -> 5020.205 | F50: =SQRT(F49) -> 200.97263 | G50: =SQRT(G49) -> 32485.269 | H50: =SQRT(H49) -> 1179.1854 | I50: =SQRT(I49) -> 80.861796 | J50: =SQRT(J49) -> 18.144462 | K50: =SQRT(K49) -> 0.89503103 | ... M50: =SQRT(M49) -> 24.738835
J53: 砂目標：２５０～３００ｇ 好記録：４００ｇ～
B54: 2月 | C54: 品種名 | D54: 正規品（ｇ） | E54: 加工用（ｇ） | F54: パック数 | G54: 収穫量（ｇ） | H54: 株数 | I54: 面積（㎡） | J54: １株あたり収量（ｇ） | K54: 歩留まり（％） | L54: 加工比率（％） | M54: 10aあたり収量（kg）
C55: かおり野 | D55: =SUM(月収!N166:N173) -> 3659 | E55: =SUM(月収!O166:O173) -> 4982 | F55: =SUM(月収!P166:P173) -> 20 | G55: =SUM(D55:E55) -> 8641 | H55: 360 | I55: 16.8 | J55: =G55/ H55 -> 24.002778 | K55: =D55/G55 -> 0.42344636 | L55: =E55/G55 -> 0.57655364 | M55: =G55/I55*100/1000 -> 51.434524
C56: よつぼし | D56: =SUM(月収!N157:N164) -> 8366 | E56: =SUM(月収!O157:O164) -> 5201 | F56: =SUM(月収!P157:P164) -> 73 | G56: =SUM(D56:E56) -> 13567 | H56: 360 | I56: 17 | J56: =G56/ H56 -> 37.686111 | K56: =D56/G56 -> 0.61664333 | L56: =E56/G56 -> 0.38335667 | M56: =G56/I56*100/1000 -> 79.805882
C57: やよいひめ | D57: =SUM(月収!N144:N155) -> 8058 | E57: =SUM(月収!O144:O155) -> 11302 | F57: =SUM(月収!P144:P155) -> 64 | G57: =SUM(D57:E57) -> 19360 | H57: 700 | I57: 34 | J57: =G57/ H57 -> 27.657143 | K57: =D74/G57 -> 0.20609504 | L57: =E57/G57 -> 0.58378099 | M57: =G57/I57*100/1000 -> 56.941176
C58: 紅ほっぺ | D58: =SUM(月収!N87:N142) -> 40655 | E58: =SUM(月収!O87:O142) -> 23358 | F58: =SUM(月収!P87:P142) -> 297 | G58: =SUM(D58:E58) -> 64013 | H58: =H59-(H55+H56+H57) -> 1830 | I58: =202-I55-I56-I57 -> 134.2 | J58: =G58/ H58 -> 34.979781 | K58: =D58/G58 -> 0.63510537 | L58: =E58/G58 -> 0.36489463 | M58: =G58/I58*100/1000 -> 47.699702
C59: 合計 | D59: =SUM(D55:D58) -> 60738 | E59: =SUM(E55:E58) -> 44843 | F59: =SUM(F55:F58) -> 454 | G59: =SUM(G55:G58) -> 105581 | H59: 3250 | I59: =SUM(I55:I58) -> 202 | M59: =SUM(M55:M58) -> 235.88128
C60: 平均 | D60: =AVERAGE(D55:D58) -> 15184.5 | E60: =AVERAGE(E55:E58) -> 11210.75 | F60: =AVERAGE(F55:F58) -> 113.5 | G60: =AVERAGE(G55:G58) -> 26395.25 | H60: =AVERAGE(H55:H58) -> 812.5 | I60: =AVERAGE(I55:I58) -> 50.5 | J60: =AVERAGE(J55:J58) -> 31.081453 | K60: =AVERAGE(K55:K58) -> 0.47032252 | ... M60: =AVERAGE(M55:M58) -> 58.970321
C61: 中央値 | D61: =MEDIAN(D55:D58) -> 8212 | E61: =MEDIAN(E55:E58) -> 8251.5 | F61: =MEDIAN(F55:F58) -> 68.5 | G61: =MEDIAN(G55:G58) -> 16463.5 | H61: =MEDIAN(H55:H58) -> 530 | I61: =MEDIAN(I55:I58) -> 25.5 | J61: =MEDIAN(J55:J58) -> 31.318462 | K61: =MEDIAN(K55:K58) -> 0.52004484 | ... M61: =MEDIAN(M55:M58) -> 54.18785
B62: 偏差 | C62: かおり野 | D62: =D55-D60 -> -11525.5 | E62: =E55-E60 -> -6228.75 | F62: =F55-F60 -> -93.5 | G62: =G55-G60 -> -17754.25 | H62: =H55-H60 -> -452.5 | I62: =I55-I60 -> -33.7 | J62: =J55-J60 -> -7.0786755 | K62: =K55-K60 -> -0.046876164 | ... M62: =M55-M60 -> -7.5357973
C63: よつぼし | D63: =D56-D61 -> 154 | E63: =E56-E61 -> -3050.5 | F63: =F56-F61 -> 4.5 | G63: =G56-G61 -> -2896.5 | H63: =H56-H61 -> -170 | I63: =I56-I61 -> -8.5 | J63: =J56-J61 -> 6.367649 | K63: =K56-K61 -> 0.096598483 | ... M63: =M56-M61 -> 25.618032
C64: やよいひめ | D64: =D74-D62 -> 15515.5 | E64: =E57-E62 -> 17530.75 | F64: =F57-F62 -> 157.5 | G64: =G57-G62 -> 37114.25 | H64: =H57-H62 -> 1152.5 | I64: =I57-I62 -> 67.7 | J64: =J57-J62 -> 34.735818 | K64: =K57-K62 -> 0.25297121 | L64: =L57-L62 -> 0.48437384 | M64: =M57-M62 -> 64.476974
C65: 紅ほっぺ | D65: =D58-D63 -> 40501 | E65: =E58-E63 -> 26408.5 | F65: =F58-F63 -> 292.5 | G65: =G58-G63 -> 66909.5 | H65: =H58-H63 -> 2000 | I65: =I58-I63 -> 142.7 | J65: =J58-J63 -> 28.612132 | K65: =K58-K63 -> 0.53850689 | ... M65: =M58-M63 -> 22.08167
C66: 分散 | D66: {=SUM(D62:D65*D62:D65)/COUNT(D62:D65)} -> 5.0348065e+08 | E66: {=SUM(E62:E65*E62:E65)/COUNT(E62:E65)} -> 2.6320974e+08 | F66: {=SUM(F62:F65*F62:F65)/COUNT(F62:F65)} -> 29781.25 | G66: {=SUM(G62:G65*G62:G65)/COUNT(G62:G65)} -> 1.544488e+09 | H66: {=SUM(H62:H65*H62:H65)/COUNT(H62:H65)} -> 1390478.1 | I66: {=SUM(I62:I65*I62:I65)/COUNT(I62:I65)} -> 6538.63 | J66: {=SUM(J62:J65*J62:J65)/COUNT(J62:J65)} -> 528.97145 | K66: {=SUM(K62:K65*K62:K65)/COUNT(K62:K65)} -> 0.091378185 | ... M66: {=SUM(M62:M65*M62:M65)/COUNT(M62:M65)} -> 1339.488
C67: 標準偏差 | D67: =SQRT(D66) -> 22438.375 | E67: =SQRT(E66) -> 16223.74 | F67: =SQRT(F66) -> 172.57245 | G67: =SQRT(G66) -> 39299.974 | H67: =SQRT(H66) -> 1179.1854 | I67: =SQRT(I66) -> 80.861796 | J67: =SQRT(J66) -> 22.999379 | K67: =SQRT(K66) -> 0.30228825 | ... M67: =SQRT(M66) -> 36.599017
J70: 砂目標：２５０～３００ｇ 好記録：４００ｇ～
B71: 3月 | C71: 品種名 | D71: 正規品（ｇ） | E71: 加工用（ｇ） | F71: パック数 | G71: 収穫量（ｇ） | H71: 株数 | I71: 面積（㎡） | J71: １株あたり収量（ｇ） | K71: 歩留まり（％） | L71: 加工比率（％） | M71: 10aあたり収量（kg）
C72: かおり野 | D72: =SUM(月収!T118:T122) -> 950 | E72: =SUM(月収!U118:U122) -> 2830 | F72: =SUM(月収!V118:V122) -> 6 | G72: =SUM(D72:E72) -> 3780 | H72: 360 | I72: 16.8 | J72: =G72/ H72 -> 10.5 | K72: =D72/G72 -> 0.25132275 | L72: =E72/G72 -> 0.74867725 | M72: =G72/I72*100/1000 -> 22.5
C73: よつぼし | D73: =SUM(月収!T109:T116) -> 2611 | E73: =SUM(月収!U109:U116) -> 9519 | F73: =SUM(月収!V109:V116) -> 21 | G73: =SUM(D73:E73) -> 12130 | H73: 360 | I73: 17 | J73: =G73/ H73 -> 33.694444 | K73: =D73/G73 -> 0.21525144 | L73: =E73/G73 -> 0.78474856 | M73: =G73/I73*100/1000 -> 71.352941
C74: やよいひめ | D74: =SUM(月収!T97:T107) -> 3990 | E74: =SUM(月収!U97:U107) -> 10960 | F74: =SUM(月収!V97:V107) -> 27 | G74: =SUM(D74:E74) -> 14950 | H74: 700 | I74: 34 | J74: =G74/ H74 -> 21.357143 | K74: =D91/G74 -> 1.619398 | L74: =E74/G74 -> 0.73311037 | M74: =G74/I74*100/1000 -> 43.970588
C75: 紅ほっぺ | D75: =SUM(月収!T63:T95) -> 14572 | E75: =SUM(月収!U63:U95) -> 22650 | F75: =SUM(月収!V63:V95) -> 104 | G75: =SUM(D75:E75) -> 37222 | H75: =H76-(H72+H73+H74) -> 1830 | I75: =202-I72-I73-I74 -> 134.2 | J75: =G75/ H75 -> 20.339891 | K75: =D75/G75 -> 0.3914889 | L75: =E75/G75 -> 0.6085111 | M75: =G75/I75*100/1000 -> 27.736215
C76: 合計 | D76: =SUM(D72:D75) -> 22123 | E76: =SUM(E72:E75) -> 45959 | F76: =SUM(F72:F75) -> 158 | G76: =SUM(G72:G75) -> 68082 | H76: 3250 | I76: =SUM(I72:I75) -> 202 | M76: =SUM(M72:M75) -> 165.55974
C77: 平均 | D77: =AVERAGE(D72:D75) -> 5530.75 | E77: =AVERAGE(E72:E75) -> 11489.75 | F77: =AVERAGE(F72:F75) -> 39.5 | G77: =AVERAGE(G72:G75) -> 17020.5 | H77: =AVERAGE(H72:H75) -> 812.5 | I77: =AVERAGE(I72:I75) -> 50.5 | J77: =AVERAGE(J72:J75) -> 21.47287 | K77: =AVERAGE(K72:K75) -> 0.61936527 | ... M77: =AVERAGE(M72:M75) -> 41.389936
C78: 中央値 | D78: =MEDIAN(D72:D75) -> 3300.5 | E78: =MEDIAN(E72:E75) -> 10239.5 | F78: =MEDIAN(F72:F75) -> 24 | G78: =MEDIAN(G72:G75) -> 13540 | H78: =MEDIAN(H72:H75) -> 530 | I78: =MEDIAN(I72:I75) -> 25.5 | J78: =MEDIAN(J72:J75) -> 20.848517 | K78: =MEDIAN(K72:K75) -> 0.32140583 | ... M78: =MEDIAN(M72:M75) -> 35.853401
B79: 偏差 | C79: かおり野 | D79: =D72-D77 -> -4580.75 | E79: =E72-E77 -> -8659.75 | F79: =F72-F77 -> -33.5 | G79: =G72-G77 -> -13240.5 | H79: =H72-H77 -> -452.5 | I79: =I72-I77 -> -33.7 | J79: =J72-J77 -> -10.97287 | K79: =K72-K77 -> -0.36804252 | ... M79: =M72-M77 -> -18.889936
C80: よつぼし | D80: =D73-D78 -> -689.5 | E80: =E73-E78 -> -720.5 | F80: =F73-F78 -> -3 | G80: =G73-G78 -> -1410 | H80: =H73-H78 -> -170 | I80: =I73-I78 -> -8.5 | J80: =J73-J78 -> 12.845928 | K80: =K73-K78 -> -0.10615439 | ... M80: =M73-M78 -> 35.49954
C81: やよいひめ | D81: =D91-D79 -> 28790.75 | E81: =E74-E79 -> 19619.75 | F81: =F74-F79 -> 60.5 | G81: =G74-G79 -> 28190.5 | H81: =H74-H79 -> 1152.5 | I81: =I74-I79 -> 67.7 | J81: =J74-J79 -> 32.330012 | K81: =K74-K79 -> 1.9874405 | L81: =L74-L79 -> 0.70319494 | M81: =M74-M79 -> 62.860524
C82: 紅ほっぺ | D82: =D75-D80 -> 15261.5 | E82: =E75-E80 -> 23370.5 | F82: =F75-F80 -> 107 | G82: =G75-G80 -> 38632 | H82: =H75-H80 -> 2000 | I82: =I75-I80 -> 142.7 | J82: =J75-J80 -> 7.493963 | K82: =K75-K80 -> 0.49764329 | ... M82: =M75-M80 -> -7.7633252
C83: 分散 | D83: {=SUM(D79:D82*D79:D82)/COUNT(D79:D82)} -> 2.7081984e+08 | E83: {=SUM(E79:E82*E79:E82)/COUNT(E79:E82)} -> 2.5165631e+08 | F83: {=SUM(F79:F82*F79:F82)/COUNT(F79:F82)} -> 4060.125 | G83: {=SUM(G79:G82*G79:G82)/COUNT(G79:G82)} -> 6.1610866e+08 | H83: {=SUM(H79:H82*H79:H82)/COUNT(H79:H82)} -> 1390478.1 | I83: {=SUM(I79:I82*I79:I82)/COUNT(I79:I82)} -> 6538.63 | J83: {=SUM(J79:J82*J79:J82)/COUNT(J79:J82)} -> 346.70273 | K83: {=SUM(K79:K82*K79:K82)/COUNT(K79:K82)} -> 1.0860732 | ... M83: {=SUM(M79:M82*M79:M82)/COUNT(M79:M82)} -> 1407.1904
C84: 標準偏差 | D84: =SQRT(D83) -> 16456.605 | E84: =SQRT(E83) -> 15863.679 | F84: =SQRT(F83) -> 63.71911 | G84: =SQRT(G83) -> 24821.536 | H84: =SQRT(H83) -> 1179.1854 | I84: =SQRT(I83) -> 80.861796 | J84: =SQRT(J83) -> 18.619955 | K84: =SQRT(K83) -> 1.0421483 | ... M84: =SQRT(M83) -> 37.512537
J87: 砂目標：２５０～３００ｇ 好記録：４００ｇ～
B88: 4月 | C88: 品種名 | D88: 正規品（ｇ） | E88: 加工用（ｇ） | F88: パック数 | G88: 収穫量（ｇ） | H88: 株数 | I88: 面積（㎡） | J88: １株あたり収量（ｇ） | K88: 歩留まり（％） | L88: 加工比率（％） | M88: 10aあたり収量（kg）
C89: かおり野 | D89: =SUM(月収!Z154:Z163) -> 11430 | E89: =SUM(月収!AA154:AA163) -> 5640 | F89: =SUM(月収!AB154:AB163) -> 97 | G89: =SUM(D89:E89) -> 17070 | H89: 360 | I89: 16.8 | J89: =G89/ H89 -> 47.416667 | K89: =D89/G89 -> 0.66959578 | L89: =E89/G89 -> 0.33040422 | M89: =G89/I89*100/1000 -> 101.60714
C90: よつぼし | D90: =SUM(月収!Z145:Z152) -> 5390 | E90: =SUM(月収!AA145:AA152) -> 2620 | F90: =SUM(月収!AB145:AB152) -> 55 | G90: =SUM(D90:E90) -> 8010 | H90: 360 | I90: 17 | J90: =G90/ H90 -> 22.25 | K90: =D90/G90 -> 0.67290886 | L90: =E90/G90 -> 0.32709114 | M90: =G90/I90*100/1000 -> 47.117647
C91: やよいひめ | D91: =SUM(月収!Z124:Z143) -> 24210 | E91: =SUM(月収!AA124:AA143) -> 12570 | F91: =SUM(月収!AB124:AB143) -> 203 | G91: =SUM(D91:E91) -> 36780 | H91: 700 | I91: 34 | J91: =G91/ H91 -> 52.542857 | K91: =#REF!/G91 -> #REF! | L91: =E91/G91 -> 0.34176183 | M91: =G91/I91*100/1000 -> 108.17647
C92: 紅ほっぺ | D92: =SUM(月収!Z82:Z122) -> 15910 | E92: =SUM(月収!AA82:AA122) -> 16940 | F92: =SUM(月収!AB82:AB122) -> 154 | G92: =SUM(D92:E92) -> 32850 | H92: =H93-(H89+H90+H91) -> 1830 | I92: =202-I89-I90-I91 -> 134.2 | J92: =G92/ H92 -> 17.95082 | K92: =D92/G92 -> 0.48432268 | L92: =E92/G92 -> 0.51567732 | M92: =G92/I92*100/1000 -> 24.47839
C93: 合計 | D93: =SUM(D89:D92) -> 56940 | E93: =SUM(E89:E92) -> 37770 | F93: =SUM(F89:F92) -> 509 | G93: =SUM(G89:G92) -> 94710 | H93: 3250 | I93: =SUM(I89:I92) -> 202 | M93: =SUM(M89:M92) -> 281.37965
C94: 平均 | D94: =AVERAGE(D89:D92) -> 14235 | E94: =AVERAGE(E89:E92) -> 9442.5 | F94: =AVERAGE(F89:F92) -> 127.25 | G94: =AVERAGE(G89:G92) -> 23677.5 | H94: =AVERAGE(H89:H92) -> 812.5 | I94: =AVERAGE(I89:I92) -> 50.5 | J94: =AVERAGE(J89:J92) -> 35.040086 | K94: =AVERAGE(K89:K92) -> #REF! | ... M94: =AVERAGE(M89:M92) -> 70.344913
C95: 中央値 | D95: =MEDIAN(D89:D92) -> 13670 | E95: =MEDIAN(E89:E92) -> 9105 | F95: =MEDIAN(F89:F92) -> 125.5 | G95: =MEDIAN(G89:G92) -> 24960 | H95: =MEDIAN(H89:H92) -> 530 | I95: =MEDIAN(I89:I92) -> 25.5 | J95: =MEDIAN(J89:J92) -> 34.833333 | K95: =MEDIAN(K89:K92) -> #REF! | ... M95: =MEDIAN(M89:M92) -> 74.362395
B96: 偏差 | C96: かおり野 | D96: =D89-D94 -> -2805 | E96: =E89-E94 -> -3802.5 | F96: =F89-F94 -> -30.25 | G96: =G89-G94 -> -6607.5 | H96: =H89-H94 -> -452.5 | I96: =I89-I94 -> -33.7 | J96: =J89-J94 -> 12.376581 | K96: =K89-K94 -> #REF! | ... M96: =M89-M94 -> 31.26223
C97: よつぼし | D97: =D90-D95 -> -8280 | E97: =E90-E95 -> -6485 | F97: =F90-F95 -> -70.5 | G97: =G90-G95 -> -16950 | H97: =H90-H95 -> -170 | I97: =I90-I95 -> -8.5 | J97: =J90-J95 -> -12.583333 | K97: =K90-K95 -> #REF! | ... M97: =M90-M95 -> -27.244748
C98: やよいひめ | D98: =#REF!-D96 -> #REF! | E98: =E91-E96 -> 16372.5 | F98: =F91-F96 -> 233.25 | G98: =G91-G96 -> 43387.5 | H98: =H91-H96 -> 1152.5 | I98: =I91-I96 -> 67.7 | J98: =J91-J96 -> 40.166276 | K98: =K91-K96 -> #REF! | L98: =L91-L96 -> 0.39009123 | M98: =M91-M96 -> 76.91424
C99: 紅ほっぺ | D99: =D92-D97 -> 24190 | E99: =E92-E97 -> 23425 | F99: =F92-F97 -> 224.5 | G99: =G92-G97 -> 49800 | H99: =H92-H97 -> 2000 | I99: =I92-I97 -> 142.7 | J99: =J92-J97 -> 30.534153 | K99: =K92-K97 -> #REF! | ... M99: =M92-M97 -> 51.723138
C100: 分散 | D100: {=SUM(D96:D99*D96:D99)/COUNT(D96:D99)} -> #REF! | E100: {=SUM(E96:E99*E96:E99)/COUNT(E96:E99)} -> 2.183259e+08 | F100: {=SUM(F96:F99*F96:F99)/COUNT(F96:F99)} -> 27672.781 | G100: {=SUM(G96:G99*G96:G99)/COUNT(G96:G99)} -> 1.1733692e+09 | H100: {=SUM(H96:H99*H96:H99)/COUNT(H96:H99)} -> 1390478.1 | I100: {=SUM(I96:I99*I96:I99)/COUNT(I96:I99)} -> 6538.63 | J100: {=SUM(J96:J99*J96:J99)/COUNT(J96:J99)} -> 714.29607 | K100: {=SUM(K96:K99*K96:K99)/COUNT(K96:K99)} -> #REF! | ... M100: {=SUM(M96:M99*M96:M99)/COUNT(M96:M99)} -> 2577.6717
C101: 標準偏差 | D101: =SQRT(D100) -> #REF! | E101: =SQRT(E100) -> 14775.855 | F101: =SQRT(F100) -> 166.35138 | G101: =SQRT(G100) -> 34254.477 | H101: =SQRT(H100) -> 1179.1854 | I101: =SQRT(I100) -> 80.861796 | J101: =SQRT(J100) -> 26.726318 | K101: =SQRT(K100) -> #REF! | ... M101: =SQRT(M100) -> 50.770776
J104: 砂目標：２５０～３００ｇ 好記録：４００ｇ～
B105: 5月 | C105: 品種名 | D105: 正規品（ｇ） | E105: 加工用（ｇ） | F105: パック数 | G105: 収穫量（ｇ） | H105: 株数 | I105: 面積（㎡） | J105: １株あたり収量（ｇ） | K105: 歩留まり（％） | L105: 加工比率（％） | M105: 10aあたり収量（kg）
C106: かおり野 | D106: =SUM(月収!AF179:AF187) -> 6680 | E106: =SUM(月収!AG179:AG187) -> 10890 | F106: =SUM(月収!AH179:AH187) -> 54 | G106: =SUM(D106:E106) -> 17570 | H106: 360 | I106: 16.8 | J106: =G106/ H106 -> 48.805556 | K106: =D106/G106 -> 0.38019351 | L106: =E106/G106 -> 0.61980649 | M106: =G106/I106*100/1000 -> 104.58333
C107: よつぼし | D107: =SUM(月収!AF168:AF177) -> 11670 | E107: =SUM(月収!AG168:AG177) -> 18470 | F107: =SUM(月収!AH168:AH177) -> 97 | G107: =SUM(D107:E107) -> 30140 | H107: 360 | I107: 17 | J107: =G107/ H107 -> 83.722222 | K107: =D107/G107 -> 0.3871931 | L107: =E107/G107 -> 0.6128069 | M107: =G107/I107*100/1000 -> 177.29412
C108: やよいひめ | D108: =SUM(月収!AF147:AF166) -> 20780 | E108: =SUM(月収!AG147:AG166) -> 9670 | F108: =SUM(月収!AH147:AH166) -> 177 | G108: =SUM(D108:E108) -> 30450 | H108: 700 | I108: 34 | J108: =G108/ H108 -> 43.5 | K108: =D108/G108 -> 0.68243021 | L108: =E108/G108 -> 0.31756979 | M108: =G108/I108*100/1000 -> 89.558824
C109: 紅ほっぺ | D109: =SUM(月収!AF94:AF145) -> 35770 | E109: =SUM(月収!AG94:AG145) -> 39630 | F109: =SUM(月収!AH94:AH145) -> 280 | G109: =SUM(D109:E109) -> 75400 | H109: =H110-(H106+H107+H108) -> 1830 | I109: =202-I106-I107-I108 -> 134.2 | J109: =G109/ H109 -> 41.202186 | K109: =D109/G109 -> 0.47440318 | L109: =E109/G109 -> 0.52559682 | M109: =G109/I109*100/1000 -> 56.184799
C110: 合計 | D110: =SUM(D106:D109) -> 74900 | E110: =SUM(E106:E109) -> 78660 | F110: =SUM(F106:F109) -> 608 | G110: =SUM(G106:G109) -> 153560 | H110: 3250 | I110: =SUM(I106:I109) -> 202 | M110: =SUM(M106:M109) -> 427.62107
C111: 平均 | D111: =AVERAGE(D106:D109) -> 18725 | E111: =AVERAGE(E106:E109) -> 19665 | F111: =AVERAGE(F106:F109) -> 152 | G111: =AVERAGE(G106:G109) -> 38390 | H111: =AVERAGE(H106:H109) -> 812.5 | I111: =AVERAGE(I106:I109) -> 50.5 | J111: =AVERAGE(J106:J109) -> 54.307491 | K111: =AVERAGE(K106:K109) -> 0.481055 | ... M111: =AVERAGE(M106:M109) -> 106.90527
C112: 中央値 | D112: =MEDIAN(D106:D109) -> 16225 | E112: =MEDIAN(E106:E109) -> 14680 | F112: =MEDIAN(F106:F109) -> 137 | G112: =MEDIAN(G106:G109) -> 30295 | H112: =MEDIAN(H106:H109) -> 530 | I112: =MEDIAN(I106:I109) -> 25.5 | J112: =MEDIAN(J106:J109) -> 46.152778 | K112: =MEDIAN(K106:K109) -> 0.43079814 | ... M112: =MEDIAN(M106:M109) -> 97.071078
...

Sheet Sheet3
C1: kg
D2: 11月 | E2: 12月 | F2: 1月 | G2: 2月 | H2: 3月 | I2: 4月 | J2: 5月 | M2: 11月 | N2: 12月 | O2: 1月 | P2: 2月 | Q2: 3月 | R2: 4月 | S2: 5月
C3: かおり野 | D3: 0.24 | E3: 14.07 | F3: 14.07 | G3: 8.64 | H3: 3.78 | I3: 17.07 | J3: 17.57 | L3: かおり野 | M3: 0.24 | N3: 14.07 | O3: 14.07 | P3: 8.64 | Q3: 3.78 | R3: 17.07 | S3: 17.57
C4: よつぼし | D4: 0 | E4: 3.16 | F4: 11.29 | G4: 13.56 | H4: 12.13 | I4: 8.01 | J4: 30.14 | L4: よつぼし | M4: 0 | N4: 3.16 | O4: 11.29 | P4: 13.56 | Q4: 12.13 | R4: 8.01 | S4: 30.14
C5: やよいひめ | D5: 0 | E5: 0 | F5: 5.88 | G5: 19.36 | H5: 14.95 | I5: 36.78 | J5: 30.45 | L5: やよいひめ | M5: 0 | N5: 0 | O5: 5.88 | P5: 19.36 | Q5: 14.95 | R5: 36.78 | S5: 30.45
C6: 紅ほっぺ | D6: 1.54 | E6: 2.02 | F6: 61.18 | G6: 64.01 | H6: 37.22 | I6: 32.85 | J6: 74.5 | L6: 平均 | M6: =AVERAGE(M3:M5) -> 0.08 | N6: =AVERAGE(N3:N5) -> 5.7433333 | O6: =AVERAGE(O3:O5) -> 10.413333 | P6: =AVERAGE(P3:P5) -> 13.853333 | Q6: =AVERAGE(Q3:Q5) -> 10.286667 | R6: =AVERAGE(R3:R5) -> 20.62 | S6: =AVERAGE(S3:S5) -> 26.053333
C7: 平均 | D7: =AVERAGE(D3:D6) -> 0.445 | E7: =AVERAGE(E3:E6) -> 4.8125 | F7: =AVERAGE(F3:F6) -> 23.105 | G7: =AVERAGE(G3:G6) -> 26.3925 | H7: =AVERAGE(H3:H6) -> 17.02 | I7: =AVERAGE(I3:I6) -> 23.6775 | J7: =AVERAGE(J3:J6) -> 38.165

Sheet 月コ
A1: ✅ 品種別の評価と読み取れること
A3: ① 紅ほっぺ
A5: 正規品：181,146g（ダントツ1位）、収穫量：292,665g、株数1,830株
A7: 1株あたり：159.93g → 高設砂栽培の目安250～350gには届かない
A9: 歩留まり：61.9% → 可もなく不可もなく（平均並み）
A11: 加工比率：38.1% → そこそこ多い
A13: 10aあたり収量：218.08kg → 最下位
A15: 🔎 考察：
A17: 栽培規模が大きく、全体収量では群を抜いているが、1株あたりや10aあたりではやや非効率。
A19: 栽培の密度や管理の手間がやや課題だった可能性あり。
A23: ② よつぼし
A25: 収穫量：85,884g、株数360株
... A87: ✅ 全体の平均・中央値からの比較
A89: 指標 | B89: 品種ごとの差の特徴
A90: 1株あたり収量（平均182.06g） | B90: よつぼしのみ上回る（238.57g）、他は下回る
A91: 歩留まり（平均60.52%） | B91: かおり野だけ平均超え
A92: 加工比率（平均39.48%） | B92: よつぼし・やよいひめが高く、かおり野が低い（＝品質良）
A93: 10aあたり収量（平均354.11kg） | B93: よつぼしだけ突出（505.20kg）
A96: ✅ 品種ごとの適性まとめ
A98: 品種 | B98: 特徴・適性
A99: 紅ほっぺ | B99: 総収量No.1。ただし、密植や栽培密度によっては効率が落ちやすい
A100: よつぼし | B100: 面積効率最強だが、商品化率が課題。加工・直売所向き
A101: やよいひめ | B101: 平均型。加工率やや高め。安定性あり
A102: かおり野 | B102: 収量控えめだが、商品率と品質が優秀。贈答・高単価向け
A105: ✅ このデータから活かせる今後の活用案
A107: 品種ごとの 「狙うべき出荷先」や「販売形態」 を変える判断材料になる。
A111: かおり野→贈答／百貨店／高級直販
A113: よつぼし→ジャム／加工品／業務用冷凍
A115: 収穫量だけでなく、歩留まりと加工率の管理の重要性が見える。
A117: 同じ株数で高品質が得られるか、または密植で面積あたり最大化を狙うか、の方針比較ができる。

Sheet 月収
A1: 11月 | G1: 1月 | M1: 2月 | S1: 3月 | Y1: 4月 | AE1: 5月
A2: {=_xlfn._xlws.FILTER(元!E6:H14,ISNUMBER(SEARCH("かおり",元!E6:E14)))} -> かおり野 | B2: 240 | C2: 0 | D2: 3 | G2: QB | H2: 紅ほっぺ（断） | I2: 320 | J2: 0 | K2: 0 | M2: 岡部 | N2: 紅ほっぺ | O2: 300 | P2: 240 | Q2: 3 | S2: 岡部 | T2: 紅ほっぺ | U2: 0 | V2: 360 | W2: 0 | Y2: Adobe | Z2: かおり野 | AA2: 140 | AB2: 600 | AC2: 1 | AE2: 岡部 | AF2: 紅ほっぺ | AG2: 160 | AH2: 260 | AI2: 1
A3: {=_xlfn._xlws.FILTER(元!E6:H14,ISNUMBER(SEARCH("紅",元!E6:E14)))} -> 紅ほっぺ（断） | B3: 46 | C3: 0 | D3: 0 | G3: NaITO | H3: 紅ほっぺ（断） | I3: 60 | J3: 0 | K3: 0 | M3: Adobe | N3: かおり野 | O3: 400 | P3: 920 | Q3: 4 | S3: Adobe | T3: かおり野 | U3: 0 | V3: 0 | W3: 0 | Y3: ソリトン | Z3: 紅ほっぺ | AA3: 0 | AB3: 260 | AC3: 0 | AE3: Adobe | AF3: かおりの | AG3: 2180 | AH3: 1000 | AI3: 17
A4: 紅ほっぺ（断） | B4: 130 | C4: 0 | D4: 0 | G4: ソリトン | H4: 紅ほっぺ | I4: 960 | J4: 0 | K4: 5 | M4: バリュ | N4: 紅ほっぺ | O4: 160 | P4: 380 | Q4: 1 | S4: バリュ | T4: 紅ほっぺ | U4: 0 | V4: 0 | W4: 0 | Y4: 富士機械 | Z4: やよいひめ | AA4: 240 | AB4: 1360 | AC4: 2 | AE4: 富士機械 | AF4: やよいひめ | AG4: 910 | AH4: 70 | AI4: 7
A5: 紅ほっぺ（断） | B5: 100 | C5: 0 | D5: 0 | G5: 三和 | H5: 紅ほっぺ（断） | I5: 240 | J5: 0 | K5: 0 | M5: ソリトン | N5: 紅ほっぺ | O5: 780 | P5: 260 | Q5: 7 | S5: ソリトン | T5: 紅ほっぺ | U5: 480 | V5: 620 | W5: 4 | Y5: NaITO | Z5: 無 | AA5: 20 | AB5: 170 | AC5: 0 | AE5: NaITO | AF5: 無 | AG5: 210 | AH5: 30 | AI5: 2
A6: 紅ほっぺ（断） | B6: 320 | C6: 0 | D6: 3 | G6: 東レ | H6: 紅ほっぺ | I6: 3940 | J6: 0 | K6: 28 | M6: 富士機械 | N6: やよいひめ | O6: 1680 | P6: 1540 | Q6: 12 | S6: 富士機械 | T6: やよいひめ | U6: 250 | V6: 1510 | W6: 2 | Y6: 慈誠会 | Z6: 紅ほっぺ | AA6: 0 | AB6: 80 | AC6: 0 | AE6: 慈誠会 | AF6: 紅ほっぺ | AG6: 300 | AH6: 80 | AI6: 3
A7: 紅ほっぺ（断） | B7: 260 | C7: 0 | D7: 0 | G7: 東レ | H7: よつぼし | I7: 160 | J7: 800 | K7: 0 | M7: NaITO | N7: 紅ほっぺ（無） | O7: 330 | P7: 190 | Q7: 3 | S7: NaITO | T7: 紅ほっぺ（無） | U7: 0 | V7: 843 | W7: 0 | Y7: 富士機材 | Z7: やよいひめ | AA7: 590 | AB7: 570 | AC7: 4 | AE7: ケイアイ | AF7: 紅ほっぺ | AG7: 790 | AH7: 250 | AI7: 8
A8: 紅ほっぺ（断） | B8: 195 | C8: 0 | D8: 0 | G8: 昭和女子 | H8: 紅ほっぺ | I8: 340 | J8: 0 | K8: 0 | M8: 慈誠会 | N8: 紅ほっぺ | O8: 730 | P8: 390 | Q8: 5 | S8: 慈誠会 | T8: 紅ほっぺ | U8: 30 | V8: 260 | W8: 0 | Y8: バリュ | Z8: 無 | AA8: 460 | AB8: 240 | AC8: 2 | AE8: 昭和 | AF8: 紅ほっぺ | AG8: 120 | AH8: 160 | AI8: 1
A9: 紅ほっぺ（断） | B9: 170 | C9: 0 | D9: 0 | G9: QB | H9: 紅ほっぺ（断） | I9: 100 | J9: 0 | K9: 0 | M9: ケイアイ | N9: 紅ほっぺ | O9: 1960 | P9: 880 | Q9: 18 | S9: ケイアイ | T9: 紅ほっぺ | U9: 0 | V9: 0 | W9: 0 | Y9: バリュ | Z9: やよいひめ | AA9: 320 | AB9: 280 | AC9: 2 | AE9: 富士機材 | AF9: やよいひめ | AG9: 600 | AH9: 0 | AI9: 4
A10: 紅ほっぺ（断） | B10: 320 | C10: 0 | D10: 0 | G10: バリュ | H10: 紅ほっぺ | I10: 1140 | J10: 0 | K10: 0 | M10: 昭和 | N10: 紅ほっぺ | O10: 114 | P10: 366 | Q10: 1 | S10: 昭和 | T10: 紅ほっぺ | U10: 540 | V10: 480 | W10: 3 | Y10: マルテー | Z10: 無 | AA10: 530 | AB10: 1110 | AC10: 5 | AE10: QB | AF10: 無 | AG10: 0 | AH10: 150 | AI10: 0
G11: Adobe | H11: かおり野 | I11: 4700 | J11: 0 | K11: 42 | M11: 富士機材 | N11: やよいひめ | O11: 868 | P11: 712 | Q11: 7 | S11: 富士機材 | T11: やよいひめ | U11: 1340 | V11: 2060 | W11: 7 | Y11: マルテー | Z11: かおり野 | AA11: 0 | AB11: 100 | AC11: 0 | AE11: バリュ | AF11: 無 | AG11: 450 | AH11: 140 | AI11: 4
A12: 12月 | G12: マルテー | H12: 紅ほっぺ（断） | I12: 1120 | J12: 0 | K12: 10 | M12: 三和 | N12: 紅ほっぺ | O12: 500 | P12: 320 | Q12: 0 | S12: 三和 | T12: 紅ほっぺ | U12: 0 | V12: 660 | W12: 0 | Y12: マルテー | Z12: よつぼし | AA12: 100 | AB12: 100 | AC12: 1 | AE12: バリュ | AF12: やよいひめ | AG12: 200 | AH12: 120 | AI12: 2
A13: Adobe | B13: かおり野 | C13: 1510 | D13: 0 | E13: 12 | G13: マルテー | H13: よつぼし | I13: 880 | J13: 0 | K13: 6 | M13: QB | N13: 紅ほっぺ（無） | O13: 420 | P13: 260 | Q13: 4 | S13: QB | T13: 紅ほっぺ（無） | U13: 0 | V13: 550 | W13: 0 | Y13: マルテー | Z13: やよいひめ | AA13: 0 | AB13: 80 | AC13: 0 | AE13: マルテー | AF13: かおりの | AG13: 140 | AH13: 160 | AI13: 1
A14: マルテー | B14: よつぼし | C14: 46 | D14: 0 | E14: 0 | G14: マルテー | H14: かおり野 | I14: 220 | J14: 0 | K14: 1 | M14: 東レ | N14: よつぼし | O14: 1990 | P14: 1250 | Q14: 17 | S14: 東レ | T14: よつぼし | U14: 1160 | V14: 2420 | W14: 11 | Y14: Adobe | Z14: かおり野 | AA14: 1660 | AB14: 830 | AC14: 13 | AE14: マルテー | AF14: よつぼし | AG14: 120 | AH14: 200 | AI14: 1
A15: マルテー | B15: 紅ほっぺ（断） | C15: 200 | D15: 0 | E15: 0 | G15: 昭和女子 | H15: 紅ほっぺ | I15: 600 | J15: 0 | K15: 5 | M15: 日建 | N15: 紅ほっぺ（無） | O15: 0 | P15: 0 | Q15: 0 | S15: 日建 | T15: 紅ほっぺ（無） | U15: 0 | V15: 0 | W15: 0 | Y15: バリュ | Z15: 紅ほっぺ | AA15: 100 | AB15: 160 | AC15: 1 | AE15: マルテー | AF15: やよいひめ | AG15: 340 | AH15: 220 | AI15: 3
A16: マルテー | B16: かおり野 | C16: 120 | D16: 0 | E16: 0 | G16: QB | H16: 紅ほっぺ（断） | I16: 300 | J16: 0 | K16: 1 | M16: 東レ | N16: 紅ほっぺ（無） | O16: 2300 | P16: 2707 | Q16: 23 | S16: 東レ | T16: 紅ほっぺ（無） | U16: 1600 | V16: 1100 | W16: 5 | Y16: バリュ | Z16: 無 | AA16: 590 | AB16: 430 | AC16: 4 | AE16: 岡部 | AF16: 紅ほっぺ | AG16: 120 | AH16: 0 | AI16: 1
A17: QB | B17: 紅ほっぺ（断） | C17: 540 | D17: 0 | E17: 3 | G17: ソリトン | H17: 紅ほっぺ | I17: 980 | J17: 0 | K17: 8 | M17: マルテー | N17: 紅ほっぺ（無） | O17: 1468 | P17: 332 | Q17: 12 | S17: マルテー | T17: 紅ほっぺ（無） | U17: 580 | V17: 1480 | W17: 10 | Y17: バリュ | Z17: やよいひめ | AA17: 190 | AB17: 150 | AC17: 1 | AE17: Adobe | AF17: かおりの | AG17: 2700 | AH17: 2260 | AI17: 22
A18: 昭和女子 | B18: 紅ほっぺ | C18: 80 | D18: 0 | E18: 0 | G18: 岡部 | H18: 紅ほっぺ | I18: 500 | J18: 0 | K18: 3 | M18: 日建（遅） | N18: 紅ほっぺ | O18: 0 | P18: 0 | Q18: 0 | S18: 日建（遅） | T18: 紅ほっぺ | U18: 0 | V18: 0 | W18: 0 | Y18: ソリトン | Z18: 紅ほっぺ | AA18: 110 | AB18: 170 | AC18: 1 | AE18: ソリトン | AF18: 紅ほっぺ | AG18: 470 | AH18: 210 | AI18: 4
A19: 東レ | B19: よつぼし | C19: 0 | D19: 200 | E19: 0 | G19: 三和 | H19: 紅ほっぺ（断） | I19: 380 | J19: 0 | K19: 2 | M19: マルテー | N19: 紅ほっぺ（無） | O19: 3480 | P19: 460 | Q19: 32 | S19: マルテー | T19: 紅ほっぺ（無） | U19: 4620 | V19: 0 | W19: 30 | Y19: 富士機械 | Z19: やよいひめ | AA19: 1010 | AB19: 2020 | AC19: 9 | AE19: 富士機械 | AF19: やよいひめ | AG19: 3100 | AH19: 510 | AI19: 31
A20: Adobe | B20: かおり野 | C20: 3340 | D20: 0 | E20: 32 | G20: NaITO | H20: 紅ほっぺ（断） | I20: 1480 | J20: 0 | K20: 13 | M20: マルテー | N20: かおり野 | O20: 260 | P20: 40 | Q20: 2 | S20: マルテー | T20: かおり野 | U20: 340 | V20: 2200 | W20: 2 | Y20: NaITO | Z20: 無 | AA20: 130 | AB20: 170 | AC20: 1 | AE20: NaITO | AF20: 無 | AG20: 470 | AH20: 880 | AI20: 3
A21: マルテー | B21: かおり野 | C21: 240 | D21: 0 | E21: 0 | G21: ケイアイ | H21: 紅ほっぺ | I21: 1500 | J21: 0 | K21: 13 | M21: マルテー | N21: よつぼし | O21: 260 | P21: 60 | Q21: 1 | S21: マルテー | T21: よつぼし | U21: 360 | V21: 3190 | W21: 0 | Y21: 慈誠会 | Z21: 紅ほっぺ | AA21: 100 | AB21: 40 | AC21: 1 | AE21: 慈誠会 | AF21: 紅ほっぺ | AG21: 420 | AH21: 80 | AI21: 4
A22: マルテー | B22: よつぼし | C22: 240 | D22: 0 | E22: 0 | G22: 日建 | H22: 紅ほっぺ（断） | I22: 420 | J22: 0 | K22: 3 | M22: マルテー | N22: やよいひめ | O22: 120 | P22: 60 | Q22: 1 | S22: マルテー | T22: やよいひめ | U22: 160 | V22: 0 | W22: 1 | Y22: ケイアイ | Z22: 紅ほっぺ | AA22: 340 | AB22: 320 | AC22: 3 | AE22: ケイアイ | AF22: 紅ほっぺ | AG22: 1230 | AH22: 230 | AI22: 12
A23: マルテー | B23: 紅ほっぺ（断） | C23: 260 | D23: 0 | E23: 0 | G23: 富士機械 | H23: やよい姫 | I23: 800 | J23: 0 | K23: 7 | M23: 岡部 | N23: 紅ほっぺ | O23: 320 | P23: 180 | Q23: 3 | S23: バリュ | T23: 紅ほっぺ | U23: 466 | V23: 1474 | W23: 3 | Y23: 昭和 | Z23: 紅ほっぺ | AA23: 0 | AB23: 260 | AC23: 0 | AE23: 昭和 | AF23: 紅ほっぺ | AG23: 450 | AH23: 290 | AI23: 4
A24: Adobe | B24: かおり野 | C24: 5140 | D24: 0 | E24: 31 | G24: バリュ | H24: 紅ほっぺ | I24: 1320 | J24: 0 | K24: 11 | M24: Adobe | N24: かおり野 | O24: 580 | P24: 180 | Q24: 5 | S24: ソリトン | T24: 紅ほっぺ | U24: 180 | V24: 80 | W24: 1 | Y24: 富士機材 | Z24: やよいひめ | AA24: 500 | AB24: 220 | AC24: 5 | AE24: 富士機材 | AF24: やよいひめ | AG24: 1020 | AH24: 0 | AI24: 7
... A38: マルテー | B38: よつぼし | C38: 500 | D38: 0 | E38: 0 | G38: ケイアイ | H38: 紅ほっぺ | I38: 2732 | J38: 321 | K38: 22 | M38: マルテー | N38: 紅ほっぺ（無） | O38: 1835 | P38: 745 | Q38: 18 | S38: マルテー | T38: 弥生姫 | U38: 120 | V38: 0 | W38: 1 | Y38: QB | Z38: 無 | AA38: 200 | AB38: 0 | AC38: 2 | AE38: 東レ | AF38: よつぼし | AG38: 4290 | AH38: 3330 | AI38: 40
G39: 昭和 | H39: 紅ほっぺ | I39: 840 | J39: 147 | K39: 6 | M39: 日建（遅） | N39: 紅ほっぺ | O39: 0 | P39: 119 | Q39: 22 | S39: 富士機械 | T39: やよいひめ | U39: 130 | V39: 1550 | W39: 1 | Y39: 東レ | Z39: よつぼし | AA39: 100 | AB39: 0 | AC39: 1 | AE39: 東レ | AF39: 無 | AG39: 3000 | AH39: 2000 | AI39: 28
A40: {=_xlfn._xlws.FILTER(B13:E38, (ISNUMBER(SEARCH("紅ほっぺ",B13:B38))) + (ISNUMBER(SEARCH("無",B13:B38))) )} -> 紅ほっぺ（断） | B40: 200 | C40: 0 | D40: 0 | G40: 富士機材 | H40: やよい姫 | I40: 440 | J40: 1240 | K40: 3 | M40: マルテー | N40: 紅ほっぺ（無） | O40: 2321 | P40: 121 | Q40: 1 | S40: 慈誠会 | T40: 紅ほっぺ | U40: 0 | V40: 40 | W40: 0 | Y40: 東レ | Z40: 無 | AA40: 240 | AB40: 330 | AC40: 2 | AE40: バリュ | AF40: 無 | AG40: 4000 | AH40: 1560 | AI40: 38
A41: 紅ほっぺ（断） | B41: 540 | C41: 0 | D41: 3 | G41: 三和 | I41: 0 | J41: 0 | K41: 0 | M41: マルテー | N41: かおり野 | O41: 139 | P41: 220 | Q41: 0 | S41: 昭和 | T41: 紅ほっぺ | U41: 0 | V41: 240 | W41: 0 | Y41: バリュ | Z41: 無 | AA41: 1150 | AB41: 520 | AC41: 10 | AE41: バリュ | AF41: やよいひめ | AG41: 4170 | AH41: 1400 | AI41: 40
A42: 紅ほっぺ | B42: 80 | C42: 0 | D42: 0 | G42: QB | H42: 紅ほっぺ（無） | I42: 380 | J42: 180 | K42: 3 | M42: マルテー | N42: よつぼし | O42: 0 | P42: 0 | Q42: 0 | S42: 富士機材 | T42: やよいひめ | U42: 460 | V42: 1800 | W42: 2 | Y42: バリュ | Z42: やよいひめ | AA42: 510 | AB42: 390 | AC42: 3 | AE42: マルテー | AF42: 無 | AG42: 0 | AH42: 1240 | AI42: 0
A43: 紅ほっぺ（断） | B43: 260 | C43: 0 | D43: 0 | G43: 東レ | H43: よつぼし | I43: 1880 | J43: 2480 | K43: 10 | M43: マルテー | N43: やよいひめ | O43: 0 | P43: 0 | Q43: 0 | S43: QB | T43: 無 | U43: 0 | V43: 165 | W43: 0 | Y43: マルテー | Z43: 無 | AA43: 790 | AB43: 1690 | AC43: 8 | AE43: マルテー | AF43: かおり野 | AG43: 0 | AH43: 500 | AI43: 0
A44: 紅ほっぺ | B44: 120 | C44: 0 | D44: 0 | G44: 日建 | H44: 紅ほっぺ（無） | I44: 840 | J44: 80 | K44: 5 | M44: 岡部 | N44: 紅ほっぺ | O44: 140 | P44: 300 | Q44: 1 | S44: 東レ | T44: よつぼし | U44: 440 | V44: 1360 | W44: 4 | Y44: マルテー | Z44: かおり野 | AA44: 330 | AB44: 290 | AC44: 3 | AE44: マルテー | AF44: よつぼし | AG44: 100 | AH44: 200 | AI44: 1
A45: 紅ほっぺ（断） | B45: 120 | C45: 0 | D45: 0 | G45: 東レ | H45: 紅ほっぺ（無） | I45: 1240 | J45: 420 | K45: 8 | M45: Adobe | N45: かおり野 | O45: 1500 | P45: 573 | Q45: 5 | S45: バリュ | T45: 無 | U45: 270 | V45: 510 | W45: 2 | Y45: マルテー | Z45: よつぼし | AA45: 320 | AB45: 590 | AC45: 3 | AE45: マルテー | AF45: やよいひめ | AG45: 100 | AH45: 200 | AI45: 1
A46: 紅ほっぺ（断） | B46: 80 | C46: 0 | D46: 0 | G46: マルテー | H46: 紅ほっぺ（無） | I46: 1840 | J46: 0 | K46: 17 | M46: バリュ | N46: 紅ほっぺ | O46: 170 | P46: 135 | Q46: 1 | S46: バリュ | T46: やよいひめ | U46: 340 | V46: 750 | W46: 3 | Y46: マルテー | Z46: やよいひめ | AA46: 410 | AB46: 630 | AC46: 4 | AE46: 岡部 | AF46: 紅ほっぺ | AG46: 230 | AH46: 470 | AI46: 2
A47: 紅ほっぺ（断） | B47: 400 | C47: 0 | D47: 0 | G47: マルテー | H47: かおり野 | I47: 128 | J47: 282 | K47: 1 | M47: ソリトン | N47: 紅ほっぺ | O47: 600 | P47: 439 | Q47: 4 | S47: マルテー | T47: 無 | U47: 1700 | V47: 2540 | W47: 15 | Y47: 岡部 | Z47: 紅ほっぺ | AA47: 0 | AB47: 30 | AC47: 0 | AE47: Adobe | AF47: かおりの | AG47: 180 | AH47: 830 | AI47: 1
A48: 紅ほっぺ | B48: 100 | C48: 0 | D48: 0 | G48: マルテー | H48: よつぼし | I48: 210 | J48: 330 | K48: 2 | M48: 富士機械 | N48: やよいひめ | O48: 1060 | P48: 2560 | Q48: 8 | S48: マルテー | T48: かおり野 | U48: 0 | V48: 360 | W48: 0 | Y48: Adobe | Z48: かおり野 | AA48: 3640 | AB48: 1120 | AC48: 26 | AE48: ソリトン | AF48: 紅ほっぺ | AG48: 370 | AH48: 570 | AI48: 3
A49: 紅ほっぺ（断） | B49: 120 | C49: 0 | D49: 0 | G49: マルテー | H49: やよい姫 | I49: 220 | J49: 300 | K49: 2 | M49: NaITO | N49: 紅ほっぺ（無） | O49: 210 | P49: 390 | Q49: 1 | S49: マルテー | T49: よつぼし | U49: 0 | V49: 300 | W49: 0 | Y49: ソリトン | Z49: 紅ほっぺ | AA49: 780 | AB49: 360 | AC49: 5 | AE49: 富士機械 | AF49: やよいひめ | AG49: 220 | AH49: 1120 | AI49: 2
G50: マルテー | H50: 紅ほっぺ（無） | I50: 2840 | J50: 1020 | K50: 26 | M50: 慈誠会 | N50: 紅ほっぺ | O50: 110 | P50: 250 | Q50: 1 | S50: マルテー | T50: やよいひめ | U50: 0 | V50: 220 | W50: 0 | Y50: 富士機械 | Z50: やよいひめ | AA50: 5510 | AB50: 1250 | AC50: 52 | AE50: NaITO | AF50: 無 | AG50: 920 | AH50: 840 | AI50: 1
A51: {=_xlfn._xlws.FILTER(B13:E38,ISNUMBER(SEARCH("やよい",B13:B38)))} -> #VALUE! | G51: 日建 | H51: 紅ほっぺ | I51: 1620 | J51: 450 | K51: 0 | M51: ケイアイ | N51: 紅ほっぺ | O51: 1340 | P51: 740 | Q51: 10 | S51: 富士機械 | T51: やよいひめ | U51: 0 | V51: 600 | W51: 0 | Y51: NaITO | Z51: 無 | AA51: 590 | AB51: 260 | AC51: 5 | AE51: 慈誠会 | AF51: 紅ほっぺ | AG51: 260 | AH51: 600 | AI51: 2
G52: 岡部 | H52: 紅ほっぺ | I52: 880 | J52: 94 | K52: 7 | M52: 昭和 | N52: 紅ほっぺ | O52: 340 | P52: 320 | Q52: 3 | S52: NaITO | T52: 無 | U52: 0 | V52: 120 | W52: 0 | Y52: 慈誠会 | Z52: 紅ほっぺ | AA52: 240 | AB52: 280 | AC52: 2 | AE52: ケイアイ | AF52: 紅ほっぺ | AG52: 1500 | AH52: 1120 | AI52: 14
A53: {=_xlfn._xlws.FILTER(B13:E38,ISNUMBER(SEARCH("よつぼし",B13:B38)))} -> よつぼし | B53: 46 | C53: 0 | D53: 0 | G53: Adobe | H53: かおり野 | I53: 1880 | J53: 665 | K53: 9 | M53: 富士機材 | N53: やよいひめ | O53: 1160 | P53: 1600 | Q53: 9 | S53: 昭和 | T53: 紅ほっぺ | U53: 0 | V53: 120 | W53: 0 | Y53: ケイアイ | Z53: 紅ほっぺ | AA53: 1210 | AB53: 340 | AC53: 12 | AE53: 昭和 | AF53: 紅ほっぺ | AG53: 260 | AH53: 660 | AI53: 2
A54: よつぼし | B54: 0 | C54: 200 | D54: 0 | G54: バリュ | H54: 紅ほっぺ | I54: 1080 | J54: 430 | K54: 5 | M54: 三和 | N54: 紅ほっぺ | O54: 260 | P54: 530 | Q54: 1 | S54: 富士機材 | T54: やよいひめ | U54: 860 | V54: 1740 | W54: 7 | Y54: 昭和 | Z54: 紅ほっぺ | AA54: 0 | AB54: 320 | AC54: 0 | AE54: 富士機材 | AF54: やよいひめ | AG54: 1010 | AH54: 450 | AI54: 7
A55: よつぼし | B55: 240 | C55: 0 | D55: 0 | G55: ソリトン | H55: 紅ほっぺ | I55: 1480 | J55: 0 | K55: 12 | M55: QB | N55: 紅ほっぺ（無） | O55: 140 | P55: 200 | Q55: 1 | S55: 東レ | T55: よつぼし | U55: 100 | V55: 610 | W55: 1 | Y55: 富士機材 | Z55: やよいひめ | AA55: 2510 | AB55: 10 | AC55: 18 | AE55: 三和 | AF55: 紅ほっぺ | AG55: 0 | AH55: 520 | AI55: 0
A56: よつぼし | B56: 440 | C56: 0 | D56: 4 | G56: 富士機械 | H56: やよいひめ | I56: 1820 | J56: 158 | K56: 15 | M56: 東レ | N56: よつぼし | O56: 2300 | P56: 325 | Q56: 22 | S56: バリュ | T56: 無 | U56: 230 | V56: 620 | W56: 2 | Y56: QB | Z56: 無 | AA56: 100 | AB56: 60 | AC56: 1 | AE56: 東レ | AF56: よつぼし | AG56: 1110 | AH56: 2930 | AI56: 11
A57: よつぼし | B57: 220 | C57: 0 | D57: 0 | G57: NaITO | H57: 紅ほっぺ（無） | I57: 810 | J57: 660 | K57: 6 | M57: 日建 | N57: 紅ほっぺ（無） | O57: 280 | P57: 160 | Q57: 1 | S57: バリュ | T57: やよいひめ | U57: 330 | V57: 290 | W57: 3 | Y57: 東レ | Z57: よつぼし | AA57: 1840 | AB57: 230 | AC57: 17 | AE57: 東レ | AF57: 無 | AG57: 2120 | AH57: 6920 | AI57: 19
A58: よつぼし | B58: 960 | C58: 560 | D58: 8 | G58: 慈誠会 | H58: 紅ほっぺ | I58: 600 | J58: 90 | K58: 5 | M58: 東レ | N58: 紅ほっぺ（無） | O58: 1020 | P58: 1280 | Q58: 7 | S58: マルテー | T58: 無 | U58: 980 | V58: 3180 | W58: 9 | Y58: バリュ | Z58: 無 | AA58: 1730 | AB58: 700 | AC58: 16 | AE58: バリュ | AF58: やよいひめ | AG58: 680 | AH58: 0 | AI58: 5
A59: よつぼし | B59: 500 | C59: 0 | D59: 0 | G59: ケイアイ | H59: 紅ほっぺ | I59: 2500 | J59: 760 | K59: 16 | M59: マルテー | N59: 紅ほっぺ（無） | O59: 2280 | P59: 1135 | Q59: 17 | S59: マルテー | T59: かおり野 | U59: 270 | V59: 270 | W59: 2 | Y59: バリュ | Z59: やよいひめ | AA59: 780 | AB59: 1250 | AC59: 4 | AE59: マルテー | AF59: 無 | AG59: 0 | AH59: 1520 | AI59: 0
G60: 昭和 | H60: 紅ほっぺ | I60: 820 | J60: 747 | K60: 8 | M60: 日建（遅） | N60: 紅ほっぺ | O60: 0 | P60: 0 | Q60: 0 | S60: マルテー | T60: よつぼし | U60: 0 | V60: 440 | W60: 0 | Y60: マルテー | Z60: 無 | AA60: 0 | AB60: 1660 | AC60: 0 | AE60: マルテー | AF60: かおりの | AG60: 0 | AH60: 260 | AI60: 0
A61: {=_xlfn._xlws.FILTER(B13:E38,ISNUMBER(SEARCH("かおり",B13:B38)))} -> かおり野 | B61: 1510 | C61: 0 | D61: 12 | G61: 富士機材 | H61: やよいひめ | I61: 260 | J61: 110 | K61: 1 | M61: マルテー | N61: 紅ほっぺ（無） | O61: 1920 | P61: 1230 | Q61: 13 | S61: マルテー | T61: やよいひめ | U61: 120 | V61: 440 | W61: 1 | Y61: マルテー | Z61: かおり野 | AA61: 320 | AB61: 240 | AC61: 3 | AE61: マルテー | AF61: よつぼし | AG61: 0 | AH61: 620 | AI61: 0
A62: かおり野 | B62: 120 | C62: 0 | D62: 0 | G62: 三和 | H62: 紅ほっぺ | I62: 0 | J62: 0 | K62: 0 | M62: マルテー | N62: かおり野 | O62: 140 | P62: 269 | Q62: 1 | Y62: マルテー | Z62: よつぼし | AA62: 320 | AB62: 700 | AC62: 3 | AE62: マルテー | AF62: やよいひめ | AG62: 0 | AH62: 800 | AI62: 0
A63: かおり野 | B63: 3340 | C63: 0 | D63: 32 | G63: QB | H63: 紅ほっぺ（無） | I63: 480 | J63: 100 | K63: 3 | M63: マルテー | N63: よつぼし | O63: 200 | P63: 166 | Q63: 1 | S63: {=_xlfn._xlws.FILTER(T2:W61, (ISNUMBER(SEARCH("紅ほっぺ", T2:T61))) + (ISNUMBER(SEARCH("無", T2:T61))) )} -> 紅ほっぺ | T63: 0 | U63: 360 | V63: 0 | Y63: マルテー | Z63: やよいひめ | AA63: 940 | AB63: 580 | AC63: 9 | AE63: ケイアイ | AF63: 紅ほっぺ | AG63: 1060 | AH63: 740 | AI63: 10
A64: かおり野 | B64: 240 | C64: 0 | D64: 0 | G64: 東レ | H64: よつぼし | I64: 2036 | J64: 435 | K64: 15 | M64: マルテー | N64: やよいひめ | O64: 0 | P64: 0 | Q64: 0 | S64: 紅ほっぺ | T64: 0 | U64: 0 | V64: 0 | Y64: 岡部 | Z64: 紅ほっぺ | AA64: 400 | AB64: 500 | AC64: 4 | AE64: 東レ | AF64: よつぼし | AG64: 0 | AH64: 3400 | AI64: 0
A65: かおり野 | B65: 5140 | C65: 0 | D65: 31 | G65: 日建 | H65: 紅ほっぺ（無） | I65: 460 | J65: 440 | K65: 4 | M65: 岡部 | N65: 紅ほっぺ | O65: 240 | P65: 0 | Q65: 0 | S65: 紅ほっぺ | T65: 480 | U65: 620 | V65: 4 | Y65: Adobe | Z65: かおりの | AA65: 2330 | AB65: 1170 | AC65: 25 | AE65: バリュ | AF65: 無 | AG65: 840 | AH65: 300 | AI65: 6
A66: かおり野 | B66: 480 | C66: 0 | D66: 0 | G66: 東レ | H66: 紅ほっぺ（無） | I66: 1800 | J66: 0 | K66: 8 | M66: Adobe | N66: かおり野 | O66: 300 | P66: 940 | Q66: 2 | S66: 紅ほっぺ（無） | T66: 0 | U66: 843 | V66: 0 | Y66: ソリトン | Z66: 紅ほっぺ | AA66: 420 | AB66: 200 | AC66: 4 | AE66: バリュ | AF66: やよいひめ | AG66: 370 | AH66: 130 | AI66: 3
A67: かおり野 | B67: 840 | C67: 0 | D67: 0 | G67: マルテー | H67: 紅ほっぺ（無） | I67: 2740 | J67: 470 | K67: 22 | M67: バリュ | N67: 紅ほっぺ | O67: 0 | P67: 0 | Q67: 0 | S67: 紅ほっぺ | T67: 30 | U67: 260 | V67: 0 | Y67: 富士機械 | Z67: やよいひめ | AA67: 2530 | AB67: 810 | AC67: 23 | AE67: 岡部 | AF67: 紅ほっぺ | AG67: 100 | AH67: 340 | AI67: 1
A68: かおり野 | B68: 1600 | C68: 500 | D68: 15 | G68: 日建（遅） | H68: 紅ほっぺ | I68: 740 | J68: 300 | K68: 4 | M68: ソリトン | N68: 紅ほっぺ | O68: 740 | P68: 500 | Q68: 7 | S68: 紅ほっぺ | T68: 0 | U68: 0 | V68: 0 | Y68: NaITO | Z68: 無 | AA68: 500 | AB68: 170 | AC68: 5 | AE68: Adobe | AF68: かおりの | AG68: 200 | AH68: 480 | AI68: 2
A69: かおり野 | B69: 300 | C69: 0 | D69: 0 | G69: マルテー | H69: 紅ほっぺ（無） | I69: 2160 | J69: 500 | K69: 15 | M69: 富士機械 | N69: やよいひめ | O69: 600 | P69: 1760 | Q69: 5 | S69: 紅ほっぺ | T69: 540 | U69: 480 | V69: 3 | Y69: 慈誠会 | Z69: 紅ほっぺ | AA69: 140 | AB69: 140 | AC69: 1 | AE69: ソリトン | AF69: 紅ほっぺ | AG69: 240 | AH69: 760 | AI69: 2
G70: マルテー | H70: かおり野 | I70: 300 | J70: 90 | K70: 2 | M70: NaITO | N70: 紅ほっぺ（無） | O70: 45 | P70: 426 | Q70: 1 | S70: 紅ほっぺ | T70: 0 | U70: 660 | V70: 0 | Y70: ケイアイ | Z70: 紅ほっぺ | AA70: 610 | AB70: 90 | AC70: 6 | AE70: 富士機械 | AF70: やよいひめ | AG70: 110 | AH70: 330 | AI70: 1
G71: マルテー | H71: よつぼし | I71: 220 | J71: 120 | K71: 1 | M71: 慈誠会 | N71: 紅ほっぺ | O71: 100 | P71: 320 | Q71: 1 | S71: 紅ほっぺ（無） | T71: 0 | U71: 550 | V71: 0 | Y71: 昭和 | Z71: 紅ほっぺ | AA71: 90 | AB71: 170 | AC71: 0 | AE71: NaITO | AF71: 無 | AG71: 200 | AH71: 420 | AI71: 2
G72: マルテー | H72: やよいひめ | I72: 180 | J72: 60 | K72: 1 | M72: ケイアイ | N72: 紅ほっぺ | O72: 430 | P72: 830 | Q72: 0 | S72: 紅ほっぺ（無） | T72: 0 | U72: 0 | V72: 0 | Y72: 富士機材 | Z72: やよいひめ | AA72: 1530 | AB72: 30 | AC72: 15 | AE72: 慈誠会 | AF72: 紅ほっぺ | AG72: 120 | AH72: 500 | AI72: 1
M73: 昭和 | N73: 紅ほっぺ | O73: 300 | P73: 180 | Q73: 2 | S73: 紅ほっぺ（無） | T73: 1600 | U73: 1100 | V73: 5 | Y73: 東レ | Z73: よつぼし | AA73: 2250 | AB73: 240 | AC73: 21 | AE73: ケイアイ | AF73: 紅ほっぺ | AG73: 830 | AH73: 470 | AI73: 4
G74: {=_xlfn._xlws.FILTER(H2:K72, (ISNUMBER(SEARCH("紅ほっぺ",H2:H72))) + (ISNUMBER(SEARCH("無", H2:H72))) )} -> 紅ほっぺ（断） | H74: 320 | I74: 0 | J74: 0 | M74: 富士機材 | N74: やよいひめ | O74: 0 | P74: 0 | Q74: 0 | S74: 紅ほっぺ（無） | T74: 580 | U74: 1480 | V74: 10 | Y74: 東レ | Z74: 無 | AA74: 1600 | AB74: 860 | AC74: 15 | AE74: 東レ | AF74: よつぼし | AG74: 300 | AH74: 4860 | AI74: 3
G75: 紅ほっぺ（断） | H75: 60 | I75: 0 | J75: 0 | M75: 三和 | N75: 紅ほっぺ | O75: 0 | P75: 0 | Q75: 0 | S75: 紅ほっぺ | T75: 0 | U75: 0 | V75: 0 | Y75: バリュ | Z75: 無 | AA75: 880 | AB75: 670 | AC75: 8 | AE75: 東レ | AF75: 無 | AG75: 2730 | AH75: 4220 | AI75: 14
G76: 紅ほっぺ | H76: 960 | I76: 0 | J76: 5 | M76: QB | N76: 紅ほっぺ（無） | O76: 167 | P76: 366 | Q76: 1 | S76: 紅ほっぺ（無） | T76: 4620 | U76: 0 | V76: 30 | Y76: バリュ | Z76: やよいひめ | AA76: 460 | AB76: 0 | AC76: 2 | AE76: バリュ | AF76: 無 | AG76: 410 | AH76: 880 | AI76: 2
G77: 紅ほっぺ（断） | H77: 240 | I77: 0 | J77: 0 | M77: 東レ | N77: よつぼし | O77: 1326 | P77: 2050 | Q77: 12 | S77: 紅ほっぺ | T77: 466 | U77: 1474 | V77: 3 | Y77: マルテー | Z77: 無 | AA77: 100 | AB77: 400 | AC77: 1 | AE77: バリュ | AF77: やよいひめ | AG77: 850 | AH77: 0 | AI77: 6
G78: 紅ほっぺ | H78: 3940 | I78: 0 | J78: 28 | M78: 日建 | N78: 紅ほっぺ（無） | O78: 0 | P78: 0 | Q78: 0 | S78: 紅ほっぺ | T78: 180 | U78: 80 | V78: 1 | Y78: マルテー | Z78: かおりの | AA78: 100 | AB78: 80 | AC78: 1 | AE78: マルテー | AF78: 無 | AG78: 0 | AH78: 1940 | AI78: 0
G79: 紅ほっぺ | H79: 340 | I79: 0 | J79: 0 | M79: 東レ | N79: 紅ほっぺ（無） | O79: 280 | P79: 1610 | Q79: 0 | S79: 無 | T79: 0 | U79: 634 | V79: 0 | Y79: マルテー | Z79: よつぼし | AA79: 140 | AB79: 600 | AC79: 6 | AE79: マルテー | AF79: かおりの | AG79: 0 | AH79: 420 | AI79: 0
G80: 紅ほっぺ（断） | H80: 100 | I80: 0 | J80: 0 | M80: マルテー | N80: 紅ほっぺ（無） | O80: 5460 | P80: 500 | Q80: 20 | S80: 紅ほっぺ | T80: 0 | U80: 40 | V80: 0 | Y80: マルテー | Z80: やよいひめ | AA80: 900 | AB80: 780 | AC80: 6 | AE80: マルテー | AF80: よつぼし | AG80: 0 | AH80: 460 | AI80: 0
G81: 紅ほっぺ | H81: 1140 | I81: 0 | J81: 0 | M81: 日建（遅） | N81: 紅ほっぺ | O81: 0 | P81: 0 | Q81: 0 | S81: 紅ほっぺ | T81: 76 | U81: 104 | V81: 0 | AE81: マルテー | AF81: やよいひめ | AG81: 0 | AH81: 540 | AI81: 0
G82: 紅ほっぺ（断） | H82: 1120 | I82: 0 | J82: 10 | M82: マルテー | N82: 紅ほっぺ（無） | O82: 0 | P82: 0 | Q82: 0 | S82: 無 | T82: 0 | U82: 180 | V82: 0 | Y82: {=_xlfn._xlws.FILTER(Z2:AC80, (ISNUMBER(SEARCH("紅ほっぺ",Z2:Z80))) + (ISNUMBER(SEARCH("無", Z2:Z80))) )} -> 紅ほっぺ | Z82: 0 | AA82: 260 | AB82: 0 | AE82: ソリトン | AF82: 紅ほっぺ | AG82: 210 | AH82: 310 | AI82: 2
G83: 紅ほっぺ | H83: 600 | I83: 0 | J83: 5 | M83: マルテー | N83: かおり野 | O83: 340 | P83: 1840 | Q83: 1 | S83: 無 | T83: 0 | U83: 240 | V83: 0 | Y83: 無 | Z83: 20 | AA83: 170 | AB83: 0 | AE83: NaITO | AF83: 無 | AG83: 170 | AH83: 150 | AI83: 0
G84: 紅ほっぺ（断） | H84: 300 | I84: 0 | J84: 1 | M84: マルテー | N84: よつぼし | O84: 300 | P84: 0 | Q84: 3 | S84: 無 | T84: 0 | U84: 630 | V84: 0 | Y84: 紅ほっぺ | Z84: 0 | AA84: 80 | AB84: 0 | AE84: ケイアイ | AF84: 紅ほっぺ | AG84: 900 | AH84: 600 | AI84: 0
G85: 紅ほっぺ | H85: 980 | I85: 0 | J85: 8 | M85: マルテー | N85: やよいひめ | O85: 0 | P85: 0 | Q85: 0 | S85: 無 | T85: 400 | U85: 1240 | V85: 3 | Y85: 無 | Z85: 460 | AA85: 240 | AB85: 2 | AE85: 昭和 | AF85: 紅ほっぺ | AG85: 40 | AH85: 350 | AI85: 0
G86: 紅ほっぺ | H86: 500 | I86: 0 | J86: 3 | S86: 無 | T86: 2420 | U86: 4140 | V86: 17 | Y86: 無 | Z86: 530 | AA86: 1110 | AB86: 5 | AE86: 富士機材 | AF86: やよいひめ | AG86: 1900 | AH86: 2800 | AI86: 13
G87: 紅ほっぺ（断） | H87: 380 | I87: 0 | J87: 2 | M87: {=_xlfn._xlws.FILTER(N2:Q85, (ISNUMBER(SEARCH("紅ほっぺ", N2:N85))) + (ISNUMBER(SEARCH("無", N2:N85))) )} -> 紅ほっぺ | N87: 300 | O87: 240 | P87: 3 | S87: 紅ほっぺ | T87: 0 | U87: 40 | V87: 0 | Y87: 紅ほっぺ | Z87: 100 | AA87: 160 | AB87: 1 | AE87: 三和 | AF87: 紅ほっぺ | AG87: 140 | AH87: 520 | AI87: 1
G88: 紅ほっぺ（断） | H88: 1480 | I88: 0 | J88: 13 | M88: 紅ほっぺ | N88: 160 | O88: 380 | P88: 1 | S88: 紅ほっぺ | T88: 0 | U88: 240 | V88: 0 | Y88: 無 | Z88: 590 | AA88: 430 | AB88: 4 | AE88: QB | AF88: 無 | AG88: 150 | AH88: 0 | AI88: 1
G89: 紅ほっぺ | H89: 1500 | I89: 0 | J89: 13 | M89: 紅ほっぺ | N89: 780 | O89: 260 | P89: 7 | S89: 無 | T89: 0 | U89: 165 | V89: 0 | Y89: 紅ほっぺ | Z89: 110 | AA89: 170 | AB89: 1 | AE89: 東レ | AF89: よつぼし | AG89: 330 | AH89: 1970 | AI89: 2
G90: 紅ほっぺ（断） | H90: 420 | I90: 0 | J90: 3 | M90: 紅ほっぺ（無） | N90: 330 | O90: 190 | P90: 3 | S90: 無 | T90: 270 | U90: 510 | V90: 2 | Y90: 無 | Z90: 130 | AA90: 170 | AB90: 1 | AE90: 東レ | AF90: 無 | AG90: 1400 | AH90: 1700 | AI90: 11
G91: 紅ほっぺ | H91: 1320 | I91: 0 | J91: 11 | M91: 紅ほっぺ | N91: 730 | O91: 390 | P91: 5 | S91: 無 | T91: 1700 | U91: 2540 | V91: 15 | Y91: 紅ほっぺ | Z91: 100 | AA91: 40 | AB91: 1 | AE91: バリュ | AF91: 無 | AG91: 240 | AH91: 0 | AI91: 2
G92: 紅ほっぺ | H92: 820 | I92: 0 | J92: 7 | M92: 紅ほっぺ | N92: 1960 | O92: 880 | P92: 18 | S92: 無 | T92: 0 | U92: 120 | V92: 0 | Y92: 紅ほっぺ | Z92: 340 | AA92: 320 | AB92: 3 | AE92: バリュ | AF92: やよいひめ | AG92: 480 | AH92: 0 | AI92: 4
G93: 紅ほっぺ（断） | H93: 2300 | I93: 0 | J93: 21 | M93: 紅ほっぺ | N93: 114 | O93: 366 | P93: 1 | S93: 紅ほっぺ | T93: 0 | U93: 120 | V93: 0 | Y93: 紅ほっぺ | Z93: 0 | AA93: 260 | AB93: 0
G94: 紅ほっぺ | H94: 740 | I94: 0 | J94: 6 | M94: 紅ほっぺ | N94: 500 | O94: 320 | P94: 0 | S94: 無 | T94: 230 | U94: 620 | V94: 2 | Y94: 無 | Z94: 420 | AA94: 1820 | AB94: 4 | AE94: {=_xlfn._xlws.FILTER(AF2:AI92, (ISNUMBER(SEARCH("紅ほっぺ", AF2:AF92))) + (ISNUMBER(SEARCH("無", AF2:AF92))) )} -> 紅ほっぺ | AF94: 160 | AG94: 260 | AH94: 1
G95: 紅ほっぺ | H95: 886 | I95: 654 | J95: 8 | M95: 紅ほっぺ（無） | N95: 420 | O95: 260 | P95: 4 | S95: 無 | T95: 980 | U95: 3180 | V95: 9 | Y95: 紅ほっぺ | Z95: 0 | AA95: 630 | AB95: 0 | AE95: 無 | AF95: 210 | AG95: 30 | AH95: 2
G96: 紅ほっぺ | H96: 880 | I96: 208 | J96: 7 | M96: 紅ほっぺ（無） | N96: 0 | O96: 0 | P96: 0 | Y96: 紅ほっぺ | Z96: 310 | AA96: 190 | AB96: 4 | AE96: 紅ほっぺ | AF96: 300 | AG96: 80 | AH96: 3
G97: 紅ほっぺ（無） | H97: 950 | I97: 130 | J97: 8 | M97: 紅ほっぺ（無） | N97: 2300 | O97: 2707 | P97: 23 | S97: {=_xlfn._xlws.FILTER(T2:W61,ISNUMBER(SEARCH("やよい",T2:T61)))} -> やよいひめ | T97: 250 | U97: 1510 | V97: 2 | Y97: 無 | Z97: 450 | AA97: 260 | AB97: 4 | AE97: 紅ほっぺ | AF97: 790 | AG97: 250 | AH97: 8
G98: 紅ほっぺ | H98: 1080 | I98: 740 | J98: 9 | M98: 紅ほっぺ（無） | N98: 1468 | O98: 332 | P98: 12 | S98: やよいひめ | T98: 1340 | U98: 2060 | V98: 7 | Y98: 紅ほっぺ | Z98: 180 | AA98: 100 | AB98: 2 | AE98: 紅ほっぺ | AF98: 120 | AG98: 160 | AH98: 1
G99: 紅ほっぺ | H99: 2732 | I99: 321 | J99: 22 | M99: 紅ほっぺ | N99: 0 | O99: 0 | P99: 0 | S99: やよいひめ | T99: 160 | U99: 0 | V99: 1 | Y99: 紅ほっぺ | Z99: 320 | AA99: 540 | AB99: 15 | AE99: 無 | AF99: 0 | AG99: 150 | AH99: 0
G100: 紅ほっぺ | H100: 840 | I100: 147 | J100: 6 | M100: 紅ほっぺ（無） | N100: 3480 | O100: 460 | P100: 32 | S100: やよいひめ | T100: 130 | U100: 1550 | V100: 1 | Y100: 紅ほっぺ | Z100: 80 | AA100: 240 | AB100: 0 | AE100: 無 | AF100: 450 | AG100: 140 | AH100: 4
G101: 紅ほっぺ（無） | H101: 380 | I101: 180 | J101: 3 | M101: 紅ほっぺ | N101: 320 | O101: 180 | P101: 3 | S101: やよいひめ | T101: 460 | U101: 1800 | V101: 2 | Y101: 無 | Z101: 200 | AA101: 0 | AB101: 2 | AE101: 紅ほっぺ | AF101: 120 | AG101: 0 | AH101: 1
G102: 紅ほっぺ（無） | H102: 840 | I102: 80 | J102: 5 | M102: 紅ほっぺ | N102: 220 | O102: 180 | P102: 2 | S102: やよいひめ | T102: 340 | U102: 750 | V102: 3 | Y102: 無 | Z102: 240 | AA102: 330 | AB102: 2 | AE102: 紅ほっぺ | AF102: 470 | AG102: 210 | AH102: 4
G103: 紅ほっぺ（無） | H103: 1240 | I103: 420 | J103: 8 | M103: 紅ほっぺ | N103: 520 | O103: 120 | P103: 5 | S103: やよいひめ | T103: 0 | U103: 220 | V103: 0 | Y103: 無 | Z103: 1150 | AA103: 520 | AB103: 10 | AE103: 無 | AF103: 470 | AG103: 880 | AH103: 3
G104: 紅ほっぺ（無） | H104: 1840 | I104: 0 | J104: 17 | M104: 紅ほっぺ（無） | N104: 850 | O104: 230 | P104: 4 | S104: やよいひめ | T104: 0 | U104: 600 | V104: 0 | Y104: 無 | Z104: 790 | AA104: 1690 | AB104: 8 | AE104: 紅ほっぺ | AF104: 420 | AG104: 80 | AH104: 4
G105: 紅ほっぺ（無） | H105: 2840 | I105: 1020 | J105: 26 | M105: 紅ほっぺ | N105: 510 | O105: 90 | P105: 5 | S105: やよいひめ | T105: 860 | U105: 1740 | V105: 7 | Y105: 紅ほっぺ | Z105: 0 | AA105: 30 | AB105: 0 | AE105: 紅ほっぺ | AF105: 1230 | AG105: 230 | AH105: 12
G106: 紅ほっぺ | H106: 1620 | I106: 450 | J106: 0 | M106: 紅ほっぺ | N106: 2440 | O106: 340 | P106: 16 | S106: やよいひめ | T106: 330 | U106: 290 | V106: 3 | Y106: 紅ほっぺ | Z106: 780 | AA106: 360 | AB106: 5 | AE106: 紅ほっぺ | AF106: 450 | AG106: 290 | AH106: 4
G107: 紅ほっぺ | H107: 880 | I107: 94 | J107: 7 | M107: 紅ほっぺ | N107: 550 | O107: 230 | P107: 5 | S107: やよいひめ | T107: 120 | U107: 440 | V107: 1 | Y107: 無 | Z107: 590 | AA107: 260 | AB107: 5 | AE107: 紅ほっぺ | AF107: 450 | AG107: 350 | AH107: 4
G108: 紅ほっぺ | H108: 1080 | I108: 430 | J108: 5 | M108: 紅ほっぺ | N108: 0 | O108: 0 | P108: 0 | Y108: 紅ほっぺ | Z108: 240 | AA108: 280 | AB108: 2 | AE108: 無 | AF108: 3060 | AG108: 1580 | AH108: 22
G109: 紅ほっぺ | H109: 1480 | I109: 0 | J109: 12 | M109: 紅ほっぺ（無） | N109: 495 | O109: 125 | P109: 3 | S109: {=_xlfn._xlws.FILTER(T2:W61,ISNUMBER(SEARCH("よつぼし",T2:T61)))} -> よつぼし | T109: 1160 | U109: 2420 | V109: 11 | Y109: 紅ほっぺ | Z109: 1210 | AA109: 340 | AB109: 12 | AE109: 紅ほっぺ | AF109: 0 | AG109: 120 | AH109: 0
G110: 紅ほっぺ（無） | H110: 810 | I110: 660 | J110: 6 | M110: 紅ほっぺ（無） | N110: 240 | O110: 720 | P110: 2 | S110: よつぼし | T110: 360 | U110: 3190 | V110: 0 | Y110: 紅ほっぺ | Z110: 0 | AA110: 320 | AB110: 0 | AE110: 紅ほっぺ | AF110: 750 | AG110: 450 | AH110: 7
G111: 紅ほっぺ | H111: 600 | I111: 90 | J111: 5 | M111: 紅ほっぺ（無） | N111: 1240 | O111: 1532 | P111: 9 | S111: よつぼし | T111: 551 | U111: 479 | V111: 5 | Y111: 無 | Z111: 100 | AA111: 60 | AB111: 1 | AE111: 無 | AF111: 900 | AG111: 870 | AH111: 7
G112: 紅ほっぺ | H112: 2500 | I112: 760 | J112: 16 | M112: 紅ほっぺ（無） | N112: 1835 | O112: 745 | P112: 18 | S112: よつぼし | T112: 0 | U112: 720 | V112: 0 | Y112: 無 | Z112: 1730 | AA112: 700 | AB112: 16 | AE112: 紅ほっぺ | AF112: 350 | AG112: 270 | AH112: 2
G113: 紅ほっぺ | H113: 820 | I113: 747 | J113: 8 | M113: 紅ほっぺ | N113: 0 | O113: 119 | P113: 22 | S113: よつぼし | T113: 440 | U113: 1360 | V113: 4 | Y113: 無 | Z113: 0 | AA113: 1660 | AB113: 0 | AE113: 紅ほっぺ | AF113: 2100 | AG113: 480 | AH113: 19
...
